video_id,title
custom0,Greenlanders protest Trump's Greenland annexation threat
vs_10,"Man runs onto road, car swerves"
vs_1000,Woman speaks to reporter outside glass shattered
vs_1001,Two boys playfully wrestle on staircase
vs_1002,Fashion Show: Models Display Traditional Attire
vs_1007,"Man struggles with backpack, falls into ice, others assist."
vs_1008,Water dispenser filling glass in refrigerator.
vs_1009,"Man falls from tree, lands on ground"
vs_1011,$100 OFF YOUR PURCHASE
vs_1013,Bikini-claded dancers perform at crowd cheers
vs_1014,Dogs playfully chase and catch toy indoors.
vs_1018,The video shows a hand holding a small green toy frog against a plain backdrop.
vs_102,Puppy chases toy through grass
vs_1020,Person makes snow angel in parking lot at night.
vs_1023,Jeep race
vs_10269,Bruce Springsteen Endorses Obama for Re-election
vs_1028,Reckless Driver Pursuit Ends in Crash
vs_1030,Man operates antique tractor at fairground
vs_1032,Texas mother accused of eating her 3-week-old son
vs_1033,Kid Attempts Backflip on Trampoline...FAIL!!!
vs_1038,Man trips and falls while skateboarding
vs_1039,Cat jumps off roof.
vs_104,Black truck being towed by red pickup
vs_1040,Young thugs set fire to scrap car in public protest.
vs_1041,Man jumps into river from bridge
vs_1042,Replacing bicycle brake pads with LED lights
vs_1044,Woman rides bike with dog attached to rear
vs_1045,"Player trades for shotgun, kills enemy, collects money."
vs_1046,Dog dressed as pirate runs through grass field
vs_1047,20Pit Stop Challenge Tire Change Demonstration
vs_1049,Ambulance arrives at Panera Bread store
vs_105,Dog investigates refrigerator door handle
vs_1051,Baby Shower Water Bottle Labels Showcase
vs_1053,Mechanic changes tire on motorcycle
vs_1054,Man jumps off wall indoors
vs_1055,Fitness for Living Valentine's Couples Boot Camp Class Feb 2011
vs_1058,Basketball into chair hits basket
vs_1059,Man sprays roof with white substance
vs_106,Ex Recovery System: Get Your Ex Back Guaranteed
vs_1061,Talking Tom Cat wishes Joyce a happy birthday.
vs_1063,Automobile Technician Explainsng Car Maintenance Tips
vs_1065,Player losing match in multiplayer game.
vs_1066,Girls 100 Meter Run Middle School
vs_10664,Mark's Master Service discusses wood floor installation and refinishing services.
vs_1069,Car drives erraticallyently on highway at night
vs_1076,Man cleans running board of red truck using firehouse car wash
vs_1077,Man attacks police officer inside bank
vs_1079,Children blow out birthday candles together
vs_1080,Interviewer: Soccer Player Discusses Game Experience
vs_1081,Police car drives through city street during protest
vs_10813,Model showcases Roxy Flip Side Sea Salt Hipster Bottoms
vs_10820,Visa Debit: Women's Education Initiative
vs_1085,Replacing the motor mixer motor motor
vs_1087,Firefighters rescue trapped individuals during a building fire.
vs_1089,Woman in red hat speaks to man in suit
vs_1091,Deadly Wreck on Howard Dr in Greenville County
vs_1092,Stunning Bridal Jewelry Sets with Discounts
vs_1093,Pickup truck jumps over obstacle during fair event
vs_1094,"Motorcycle rider loses control, crashes into curb"
vs_1097,"Red car drives away with door open, driver exits."
vs_1099,Police officer discusses office shooting investigation
vs_1100,Boy slides down water slide into splash in pool
vs_1103,Fans brave the cold at spring snow at arena
vs_1104,Diamond ring showcased in close-up shots.
vs_1105,Child plays indoor baseball game with toy bat
vs_1108,Dog and cat playfully interact on bed
vs_1109,Skate 3 Super Jump Glitch Tutorial
vs_111,Sparkling Diamond Watch Displayed
vs_1113,"Master Chief, Custom Halo AF, Army Guy"
vs_1119,"Child runs into street, nearly hit by car"
vs_112,Codiac RCMP responds to missing boy on Wheeler Blvd
vs_1120,Doug Jenkins Custom Hot Rods: Restoring a 1932 Ford
vs_1121,Woman clingsings to Jeep hood while speeding on I-85
vs_1126,Jeep flips over sand dune jump
vs_1128,Toy business profitability calculation in a mall
vs_113,Single Front Flip Right Hand
vs_1131,"Drift car spins out of control, creating smoke cloud"
vs_1137,Train arrives at platform in New York City
vs_1139,Track athlete celebrates after successful jump.
vs_114,World's Largest Beach Ball
vs_1140,A Big Dog Uses The Heavy Duty Dog Door
vs_1146,18k Princess Cut Diamond Halo Engagement Ring Showcase
vs_11466,Belly Dancer Demonstrates Basic Moves
vs_1148,Student Struck in Amherst by Passing Car
vs_1150,Pickup truck drives through mud pit during fairground event
vs_1151,Motorcycle bomb attack kills 12 in Afghanistan
vs_1154,Custom Two-Bottom Steel Wheel Plow Demonstration
vs_1156,"45 ACP bullet hits AR500 steel target, 80x slowed down"
vs_1158,Custom Diamond Letter Pendant Display
vs_116,Three dogs playfully chase each other on leash.
vs_1160,Dyson Airblade Tap Hand Dryer System Demonstration
vs_1162,Ben and Daughter Relive Wedding Memories
vs_1163,Industrial Sewing Machine Demonstration
vs_1164,"Man performs magic trick, crowd reacts excitedly"
vs_1167,Dancer illuminated by light
vs_1170,Motorcycle follows large truck aggressively on busy street.
vs_1172,"Runner falls over hurdle, continues"
vs_1173,Man in blue bed room pranks friend.
vs_1176,Tanya Batts: Burn Belly Fat on Stationary Bike
vs_1180,Miracle Baby: Infant Declared Dead Found Alive
vs_1181,Talking Larry bird on branch
vs_1182,Abandoned tractor in forest
vs_1184,Dog performs donkey kick
vs_1186,Flowers Celebrate Birthday
vs_11882,Airplane flies low
vs_11884,Style Tips: Pairing Stripes with Army Cargo Pants
vs_11886,"Man jumps from cliff into lake, creates splash"
vs_11887,Police Officer Saves Driver from Burning Car
vs_11888,Player achieves 3 Kill Streak while capturing flag in Callowayar
vs_11889,Vienna Wedding Bride Gold Plted Jewelry Necklace Earrings Set 2 Pcs.
vs_1189,Top 7 Do'ss and Don't'ss for Wedding Reception Planning
vs_11892,Interior Design Showcase: Luxurious Living Spaces
vs_11893,Dune buggy race in desert
vs_11895,Fight Club: GTA Online Round 2
vs_11897,Boy pours water on friend while watching TV
vs_11899,Jeep navigating muddy trail with assistance
vs_11903,Police car chasing another vehicle on snowy road
vs_11905,Interactive Fish Toy Promotes File Fillet-o-F Fish
vs_11906,Man creates reindeer decoration from wreath
vs_11907,Dog Show Participants Walk Their Dogs
vs_11909,Motorcycle tire pressure adjustment demonstration
vs_1191,Jump Manual Overview: Achieve Maximum Vertical Jump
vs_11910,"Puppy plays with toy, jumps up repeatedly."
vs_11916,"Man climbs steep cliff edge, falls into sea below"
vs_11917,BMX rider jumps over forest obstacle course
vs_11919,Skiing down snowy mountain with friends
vs_11922,Child climbs inside refrigerator in kitchen
vs_11926,"Player engages in intense combat, eliminating multiple enemies in a-game environment."
vs_11928,Boston Police Commissioner Edward F Davis announces commendation for Glenn James
vs_11930,Woman showcases dog bone-shaped
vs_11931,34 Foot Rope Climb by Lisa Hudson
vs_11932,Woman models Dolfin Winners Bolt V-2 Back Prints One Piece swimsuit
vs_11933,Cat drinks water faucet while cooking
vs_11935,Woman holds small white dog at pet grooming convention
vs_1194,Hair stylist discusses shampooing and conditioning routine
vs_11941,Puppies playfully interact with a person's hand.
vs_11943,"White dog dances on grass, front paws up, tail wagging."
vs_11944,Adjusting the Chain T tension for efficient door
vs_11949,Little Gods's Journey Begins
vs_1195,DeLonghi Coffee Machines Showcase at Appliances Online
vs_11951,Bicycle wheel spinning indoors
vs_11952,Super Quick Dog Training Introduction
vs_11953,Army showcases new all-purpose vehicle with giant tires.
vs_11956,Child plays with toy car near window
vs_11957,Boys push toy train down track
vs_11958,Woman warns of fake iPad scam at gas station
vs_11959,Feedinging baby birds with syringe and mother bird present
vs_1196,Man bungee jumps from tower with harness
vs_11960,Child rides Razor scooter down suburban street
vs_11962,"Rocky Action Figure with ""The Meat"" Accessory"
vs_11963,Interior Design Showcase of Modern Spaces
vs_11966,Father and child playfully wrestle while watching TV.
vs_11967,Biker crashes into tree while riding
vs_11968,Replacing Dishwasher Rack Rail
vs_1197,Diamond-studded Jesus pendant showcased
vs_11970,Soccer player heads ball past goalkeeper in OT.
vs_11979,"Jeep stuck in mud, being pulled out by another vehicle."
vs_11980,Police launch criminal investigation into woman's death
vs_11985,Cat plays keyboard while child interviews bystanders
vs_11988,Woman killed trying to avoid deer
vs_11989,Spacify Dining Tables Showcase
vs_11993,San Francisco Giants Parade Celebrates World Series Victory
vs_11997,The Big Nasty Hill Climb presents The Mudslide
vs_120,Rocket Japanese Language Learning System Overview
vs_12003,Man runs towards approaching vehicle at
vs_12006,Slot cars race on illuminated track
vs_12007,Girl performs gymnastics on trampoline without spotting.
vs_12008,2 Cars Involved in Rollover Accident in East Tulsa
vs_12013,Puppy Chases Ball in Field
vs_12019,White Dodge Ram Power Wagon Spotted
vs_12024,Child sleds down homemade ramp in snowy backyard
vs_12026,BMXx rider navigatesates
vs_1203,Boy jumps through sliding glass door
vs_12030,Red toy car drives past camera on suburban street
vs_12031,"Motorcycle crashes into truck, driver escapes unharmed"
vs_12033,Cat in shark costume chchases duck on vacuum cleaner
vs_12035,Man discusses formal wear and evening gowns.
vs_12038,Children play dress-up in living room.
vs_12039,Diamond rings showcased in elegant presentation.
vs_12042,Hammocks with Unique Designs and Colors
vs_12043,Heart-shaped locket necklace showcased
vs_12044,As AS HIGH AS MANHATTAN
vs_12045,Dogs wheelchair helps disabled dog walk again
vs_12047,White Ford F-250 lifted truck showcased
vs_12048,"Woman trapped in car driving through high water, police warn: Turn around, don drown."
vs_1205,Installing AutoSock tire cover for winter safety
vs_12053,American Girl Doll Craft Kit Review
vs_12058,Pedestrians cross street as cars pass by in city traffic
vs_1206,Georgia State University Marching Band Performs at Inauguration
vs_12060,Stream over through fallen tree in forest
vs_12063,Replacing tire rim with new tire
vs_12065,Peanut Butter Jelly Time Pixel Dance
vs_12066,Jacking up the rear of the vehicle for maintenance.
vs_12067,Red muscle car accelerates down drag strip
vs_1207,Police: Man puts puppy in dishwasher
vs_12070,Teddy the Bear in Reindeer Antlers and Lights-Up Christmas Hat
vs_12071,Mouse eats chocolate bar on sidewalk
vs_12072,Woman in polka dot dress dances in kitchen while man watches
vs_12074,"Motorcycle accident on highway, rescue underway"
vs_12079,Group climbs indoor rock wall together
vs_1208,Cooking Nathan's Hot Dogs in a Pot
vs_12082,Tow truck driver Michael Galloway leaves children unattended.
vs_12085,Girl falls off while riding mechanical bull
vs_12088,Man climbs steep wooden wall with safety harness.
vs_1209,Creating a a small hole in a bottle.
vs_12090,Fan catches ball
vs_12095,Skateboarderer falls off ramp
vs_12097,Motorcycle rider pulls over to assist fallen biker
vs_12098,Dad's reaction on the amusement park ride surprises him.
vs_12099,Spider-Man swings through city streets
vs_121,Man falls off cliff edge into sand
vs_1210,Footprints lead towards helicopter on beach.
vs_12100,Paper production machine in operation
vs_12101,Person uses safety pin on inflatable bouncer.
vs_12102,Factory machinery operating in motion
vs_12103,Rabbit dances in front of papar press cameras.
vs_12105,Spider-Man in wheelchair meets another Spider-Man
vs_12106,Pregnant Woman Shot Near Blake High School
vs_12108,Friends Remember Dirt Biker Killed in Crash
vs_1211,Call the Experts - Contact Metroflow Today!
vs_12110,White fluffy dog plays with smaller dog in fenced yard.
vs_12113,"Person searches through closet, finds bra, reacts with surprise."
vs_12114,Sistersers get 1 Million Facebook Likes for a Puppy dog Parents agree to
vs_12116,Removing a laundry tub faucet using basin wrench
vs_1212,Car crashes into gas pump 
vs_12121,Tommy learns to swim in Vice City
vs_12126,ATV riders navigate muddy terrain and cross through shallow rivers.
vs_12127,Woman models colorful bikini bottoms
vs_12128,Dizzy's Agility Showdown at Crufts 200
vs_12129,Boy practicing flips in gym
vs_12133,Child dressed as zombie in store
vs_12135,Woman discusses Halloween safety tips for trick-or-treating.
vs_12136,"Spider-Man, Iron Man, Venom & Batman Battle in 'Get Loose With It' Gameplay"
vs_12138,Dogs Playing Fetch in a Park
vs_12140,Police officer engages suspect with gunfire outside
vs_12143,Parrots fight over food bowl
vs_12145,Valley View Casino & Hotel: Chef's Signature Desserts
vs_12148,Football game preparation begins at night
vs_12150,Bus driver narrowly avoids collision with double-decker bus in rainstorm
vs_12153,"Man chases car, gets hit by truck, runs away."
vs_12154,Britain's men's team pursuit breaks world world world the Olympics.
vs_12156,French Bulldog playfully interacts with camera
vs_12158,Bear destroys Florida woman's car in bizarre attack
vs_12159,White Men Can't Jump
vs_1216,Skateboarder fails on railing at night
vs_12161,"Woman falls on subway tracks, passengers intervene, train arrives in time."
vs_12162,Woman fills Easter basket with colorful items and toys
vs_12167,Man falls into pool while trying to jump over fail
vs_12169,Woman washes dog in grooming
vs_12171,Boys singing karaoke in dimly lit room
vs_12172,Woman models casual outfit against white backdrop
vs_12173,Bear curss in forest
vs_12175,Dogs swimming and playingfully interacting in muddy river with owners watching
vs_12176,Student Town Hall Meeting: MCPS Students Voice Opinions
vs_12178,Dogs on leads at all times timess
vs_12179,Air suspension demonstration showcase.
vs_12180,Biker rides bicycle on grass and onto street
vs_12182,Baby in activity center laughing and playingfully interacting
vs_12183,Fire burns in stone fire pit
vs_12185,WARE 2 Level Medium Clean Living Small Animal Cage
vs_12188,James introduces Johnson's Java Wood Flooring
vs_1219,Massive fire engulfs neighborhood at night
vs_12192,New details about SUV in hit & run crash
vs_12194,Golden Retriever fetches toy in pool
vs_12195,Man throws shovel through ice block
vs_12196,"Baby plays with toy hammer, hits wall."
vs_12200,I-44 Semi Accident Causes Traffic Shutdown
vs_12201,WOM Groutut Cleaning Jupiter
vs_12206,Car flips into crowd watches
vs_12207,Woman trains dog to sit and stay in a room.
vs_12208,BMX rider performs aerial trick on ramp
vs_12209,Interior Design Showcase of Modern Spaces
vs_1221,Jeep climbs steep rocky trail with spectators
vs_12210,Dog plays with water sprinkler system
vs_12211,Automated Truck Cleaning System Demonstration
vs_12212,Race car speeds down track at night with crowd watching
vs_12213,Person throws ball for dog in living room.
vs_12214,Happy Fatdog Eating
vs_12215,Man eats apple pie in store
vs_12217,Man in car talks about seatbelt safety
vs_12218,Introduction to Leather Craft: Punching Holes
vs_12219,Vehicle drives through forest with windshield covered in bird droppings
vs_1222,Floor Barn Presents: Installing Hardwood Flooring
vs_12222,Man jumps over over a car in yard
vs_12223,Three men fight outside each other outside
vs_12224,Motorcycle overtakes silver car on highway
vs_12225,Holiday Pet Safety Tips on TV Show
vs_12228,"Man sits on chair, adjusts pants, people walks by."
vs_12229,Car drives through snowy street at night
vs_1223,Volunteers place American flags along a fence.
vs_12237,"Driver loses control, pickup crashes into creek, deputies respond."
vs_12240,Check Engine Light Diagnosis Guide
vs_12241,Harry Potter and the Chamber of Secrets
vs_12243,Quarterback evades defenders for touchdown
vs_12249,First-person shooter gameplay with zombie encounters.
vs_12250,Cat leaps into catch fish in river
vs_12251,Children playing in water park fountain
vs_12255,Man in yellow jacket rides bike past group of people.
vs_12256,Painter sprays door frame with spray gun
vs_12257,3D rendering of floating solar panels on water
vs_12258,Person adjusts scooter handlebar grip
vs_1226,Woman laughing and making funny faces
vs_12260,Man plays fris dog in room
vs_12261,Bottling machine filling white containers
vs_12262,Snow leopards share a meaty meal
vs_12265,"ATV stuck in mud, group pulls it out"
vs_12266,Ceiling-mounted laundry rack installation demonstration
vs_12269,Dondere Thomas's 7-inch Vertical Jump Gain with Project Vertical
vs_12272,RC cars race on dirt track
vs_12273,Gymnastics Showcase
vs_12274,Chef Henry creates a custom pizza app
vs_12275,Dogs perform agility tricks indoors
vs_12276,Applying cream and bandaging for wound care
vs_12279,Child falls off scooter on sidewalk
vs_12280,Dogs playfully fight in fenced yard
vs_12281,How How How How `How `
vs_12282,Dog jumps through door of
vs_12283,Man jumps off waterfall into river below
vs_12284,Super Bowl XLVI Fans Celebrate Giants Win
vs_12285,Dog chases cat around living room floor
vs_12287,Dog chases person down snowy slope
vs_12288,Dog chases toy across
vs_12292,Soldier performs martial arts move on woman
vs_12296,US Rachel Garren promotes boating safety at the St. Louis Boat & Sportshow
vs_123,Black Ops Zombies: Mystery Box Hack
vs_1230,Easter basket grass: paper product vs. plastic grass comparison
vs_12300,Pilot and Gus Play Soccer
vs_12301,Little boy dances hip-hop with instructor
vs_12307,Robinson Cano'ss Home Run Derby Catch
vs_12308,Firefighters rescue boy stuck in vending machine
vs_1231,"Man walks down sidewalk, then person follows, then man stops, then person exits frame"
vs_12312,Teen jumps on trampoline fails repeatedly
vs_12313,AMA Pro Road Racing Bike Night 2013
vs_12316,18k Gold Split Shank Diamond Halo Engagement Ring Showcase
vs_1232,Ship launches into sea successfully
vs_12321,Dogs playfully interact in cluttered room.
vs_12328,Dog plays with rabbit on leash
vs_12329,Santa interacts with child in festive setting
vs_1233,Red Kitchen Warriors Win Big Sandwich Competition
vs_12330,Fixing Refrigerator Ice Maker: A Simple Guide
vs_12332,"Boy hangs from building, part-time cop saves him"
vs_12333,Players clash during soccer match
vs_12335,"Car flips over highway, bystanders rushes"
vs_12336,Woman trains Dalmatian to jump through hula hoop
vs_12337,"Man dances in car dealership showroom, gets high-five from colleague."
vs_1234,Man discusses earning money through legitimate methods.
vs_12345,Cat chases laser pointer down hallway
vs_12349,Roadside memorial for victims of speeding accident
vs_12355,Muslims caught trying to climb West Bank wall
vs_12358,Man runs down beach slope towards water.
vs_12359,Pickup truck drives away from field along rural road
vs_1236,Teenagers play basketball in backyard
vs_12360,Duty Wine Dance Routine Demonstration
vs_12361,Dogs playfully fight in fenced area.
vs_12362,"Children sing ""Happy Birthday"" to George W. Bush"
vs_12365,Feedinging a baby flying fox with a pacifier
vs_12366,Switching a kitten from canned to dry food
vs_12367,"Parrot sings ""Happy Birthday"" repeatedly"
vs_12369,Child and dog play in inflatable pool
vs_1237,"Talking cat sings ""Happy Birthday"
vs_12371,National Action Network Youth Rally to Save Post Offices
vs_12374,Puppy plays with stuffed toy on lap
vs_12375,"Man walks across street, cars drive by."
vs_12376,Dog Climbs Rock Wall and Falls
vs_12379,Concrete truck drives through construction site with extended chute.
vs_1238,Puppy chlops while chasing ball
vs_12381,Skier falls down steep mountain slope
vs_12383,Man uses pressure washer on driveway
vs_12384,Lego City Cement Mixer Construction Scene
vs_12385,Child rides dirt bike across
vs_12390,Dogs playfully chase each other on beach
vs_12399,Tour of a small apartment with bedroom and living area
vs_12401,Pickup truck stuck in muddy forest road rescue attempt
vs_12402,"Motorcycle crashes into burning car, rescuers save lives"
vs_12404,Man falls from truck bed while standing on tailgate
vs_12406,Woman performs on stage with dancers and crowd interaction
vs_12407,Kevin DeRont's 303-pointersrs in a row: Legit or fake?
vs_12408,"Flatbed trailer disconnects, kills driver on south of Highway 10."
vs_1241,Man jumps off helicopter crashes into building
vs_12411,Pillow shrink wrapper machine demonstration
vs_12420,"Man falls down escalator, crowd reacts"
vs_12422,Drones fly over indoor soccer field during game
vs_12425,Worker pushes bicycle into construction site dumpster
vs_12426,"Woman runs across street, car stops abruptly"
vs_12427,High School Girls 400m Dash
vs_12428,Dog carries large can of soda around house
vs_12429,"Man walks towards house, dog runs away."
vs_12430,"Woman chued as pit bulls chase her, 60-year-old runs for help"
vs_12431,Dog Training Session with Sit Up N Listen
vs_12434,Apple Cider Vinegar Diet Cleanse: Lose Up to 7 lbs
vs_12435,LED Strobe Light Demonstration
vs_12436,Poodle Grooming Tutorial: Curve Blade Technique
vs_12437,Sam Bridgman graduates from University of Portland despite Friedreich'ss Ataxia
vs_12438,Woman discusses safe meat thawing methods
vs_12439,Driver follows white RV on highway
vs_12441,MIS Ethernet Installation Overview
vs_12443,Stunt Driver Dave Ackland Breaks Guinness World Record 15th March 2008
vs_12445,Dog jumps into land inside suitcase
vs_12447,Create a Kids' Dress with Simple Steps
vs_12448,French Ambassador Celebrates French Day in Ireland
vs_12449,"Mom gives birth, throws newborn in trash can"
vs_12450,"The Bling King 24"" 20mm 24k Gold Plateded RUN DMC Rope Necklace"
vs_12451,"Red SUV stuck in muddy field, driver struggles to free "
vs_12452,Modern Elevated Pet Feedingers Station Showcase
vs_12453,Child jumps on trampoline with toy microphone
vs_12455,Jeep flips over military convoy maneuvers through muddy forest path
vs_12456,Woman checks tire pressure in car dealership showroom.
vs_12459,Chef prepares fat-free honey mustard dressing
vs_1246,Bounce Rentals 4 You Ad
vs_12462,Whole Wheat Grain Pasta with Healthy Veggies
vs_12466,"Motorcycle rider speeds down road, overtakes others"
vs_12468,Woman attacked at gas station by man with umbrella
vs_12469,Red Dog Battles the Hose Monster
vs_1247,Bear swimming in mountain lake
vs_12473,Garbage truck gets stuck in snow next to car
vs_12476,Suspect seen in surveillance footage of sexual assault case
vs_12478,"Fan catches ball, boy claps, dad throws ball back"
vs_12479,Will Claye Triple Jump NCAA Automatic Qualifier
vs_1248,Man in black shirt throws object at car
vs_12482,Protestersers Marchersers Occupy LA! Protests
vs_12486,Motorcycle rider navigates through snowy forest trail
vs_12487,Man attacks car with bat on highway
vs_12488,Open Wheeler Racing Seat Simulator Review
vs_12489,Woman performs step aerob
vs_12490,Interior Design Showcase of Modern Spaces
vs_12493,"Monster truck crashes into sheriff's cars, destroying fleet"
vs_12495,Children play in shallow water near lake
vs_12497,K-pop concert crowd cheers in darkness
vs_12498,Worker uses floor cleaning machine in checkered floor area
vs_12499,Teacher Pranked by Blindfolded Half-Court Shot
vs_1250,AAA Painting & Remodeling: Full Service Painting & Remodeling
vs_12500,Helicopter drops water fire bucket amidst smoke
vs_12505,Pickup truck drives through muddy waterway
vs_12507,Girl dances while friend sprays
vs_12508,Dancers perform on basketball court during halftime
vs_12510,ATV struggles through muddy trail with driver assistance
vs_12511,Person walks down porch steps at night.
vs_12514,"Child plays with laptop, watches videos, laughs."
vs_12515,"Car crashes into telephone pole in Chelmsford, Massachusetts"
vs_12516,"Driver loses control, crashes into tree in heavy snowstorm"
vs_12517,Person throws rock at truck on road
vs_12519,ILVE Compact Multi-Function Oven Demonstration
vs_1252,"Claycoo, Inc. showcases NO-COAT construction benefits"
vs_12520,Puppy plays with door on leash
vs_12521,Santa Claus and Spider-Man Surprise Kids with Christmas Gifts
vs_12522,Signature Master Bathrooms by Stanton Homes
vs_12525,Dogs Playing Fetch in Backyard
vs_12527,Pit Bulls Attack and Kill Pet Cat
vs_12528,Cat takes bath in tub with owner's encouragement
vs_12531,Car flips over demolition derby
vs_12534,Red pickup truck drives through wooded area with trailer attached
vs_12535,"Crocodile takes bubble bath, water ducks float away."
vs_12538,Biscuits move through automated sorting machine
vs_1254,Woman dances happily after junk removal service.
vs_12540,Driver sings while driving bus through rural road
vs_12541,Cat plays with pipe in workshop
vs_12544,Mill Creek Police Department Traffic Stop with Epic License Plate
vs_12545,"Group of friends gather around campfire, laughing and enjoying night."
vs_12546,Dunkin' Donuts for Life: Free eBook Tutorial
vs_12547,Sea otters playfully interact underwater.
vs_12548,Sewing Tutorial: Attaching Buttons to Fabric
vs_1255,Player scores touchdown in high school football game
vs_12550,Skier falls while skiing down downhill
vs_12552,Inspecting Wayne Dalton Classic Drive Garage Door Opener Setup
vs_12555,Trick-n-Spill: Halloween Slot Game
vs_12556,Mom teaches baby to swim in pool
vs_12558,Baby being fed yogurt with spoon
vs_1256,Woman dances joyfully in towel-wrapped head indoors
vs_12560,Draw Facebook Adtraction: MamaBargains.com
vs_12563,Person pets relaxed cat in cozy bed
vs_12565,Man discusses home security measures outside police investigate incident.
vs_12567,How Zac Roesler makes Brazil nut milk
vs_12569,Man pushes shopping cart into customer in store
vs_1257,Cat trapped inside plastic bag in grass
vs_12570,Car on fire on highway at night
vs_12571,Man hits friend with water during backyard game
vs_12572,Pottery Barn Kids Design Studio: Inspiration to Installation
vs_12573,Batman in Real Life: The Dark Knight Rises
vs_12577,Pencil character dances with rainbow in space space sky
vs_12578,Toy Bulldozer Picks Up Pennies
vs_12581,Dog Moved to Rescue After Attack
vs_12582,Dololphin Carrying Dead Calf
vs_12587,Bossc Hood with EcoSensor LED Illumination Demonstration
vs_12588,Five-year-old girl hit by car after being
vs_1259,Puppies playfully chase each other up stairs.
vs_12592,"Man in striped shirt breaks statue, runs away."
vs_12595,Deputy Kills Pit Bull
vs_12597,Boy falls off trampoline landing
vs_12598,Woman and pets attacked by suspect on Ridgewood Ave.
vs_12599,Biker jumps off boat into water water
vs_1260,Person pours liquid into shower
vs_12602,Woman performs high-knee shuffle dance on hillside.
vs_12608,Man cleans ketchup and mustard stains with cleaning products
vs_12614,Dynamic Duo Clean Windows: Satisfaction Guaranteed
vs_12615,Sewing human hair extensions using
vs_12617,Clown interacts with German Shepherd at crowd watches.
vs_12619,Toddler climbs playground structure with assistance
vs_1262,Race car flips over driver escapes safely
vs_12622,Driver's hand briefly obscures camera lens while driving.
vs_12624,Skateboarding Trick Tips: Transition Rail Scoop
vs_12625,How Best Suit for Apple-Shaped Body Type
vs_12626,Inspecting a Norwesco Galvanized Steel Bucket
vs_12628,Boxerers celebrates victory over ring
vs_1263,Woman speaks at audience listens
vs_12631,Police chase ends with crash and arrest
vs_12632,Create a Mother's Day card for dog lovers!
vs_12633,2000 Jeep Grand Cherokee for Sale
vs_12634,Twin Babies Dancing in Kitchen
vs_12638,Adding chopped red onion to salad mixture
vs_12640,Woman in pink top poses outdoors.
vs_12643,Person uses water pump to fill bucket
vs_12644,Mother's Day Poems and Gift Ideas
vs_12645,Person drives through snowy night with flashing lights
vs_12647,WSU College of Education Science Field Day
vs_12648,Raccoon steals cat food from bowl
vs_12650,Children perform exercises routine in gym.
vs_12651,"Woman gives birth on airplane, baby cries"
vs_12653,Mechanic inspects engine of red Land Rover
vs_12654,John Schepps discusses home warranties and buyer/seller responsibilities.
vs_12655,Pomeranian puppy plays with stuffed toy on floor
vs_12656,Pickup truck pulls trailer down dirt track
vs_12662,Seven-year-old boy handcuffed in Bronx police station
vs_12663,Pedestrian hit by car in busy intersection
vs_12664,Man in striped shirt discusses fails in office setting
vs_12666,Sun partially obscured by large car
vs_12667,Man loads classic car onto trailer
vs_1267,Creating a wood textured tunnel for breeding fish
vs_12672,Learn The Danger of Commercial Pet Food and Make Your Own Dog Food
vs_12673,Toilet flushing sound captured
vs_12675,Mountain biking through terrain park obstacles
vs_12676,Colonel Meow Surpasses 25 Million Likes on Facebook
vs_12678,Car drives past tree branch blocking road
vs_12679,Good Burger: Hamburger Mascots Dance
vs_12680,Pink Star diamond sells for record-breaking $68 million
vs_12681,Learn to Paint and Restore Your Car...
vs_12683,Kitty Boomba escapes from aomorphic trap.
vs_12684,"Jeep stuck in forest, drivers stuck behind tree"
vs_12685,Man sweeping wet floor in garage
vs_12686,Gunshots heard near riverbank
vs_12687,Business leaders enjoy ice cream cones at a factory.
vs_12689,"Teaching puppy not eat dirt: cover treat, cover, leave it."
vs_12690,Crystal jewelry set rotates on displayyx stand
vs_12692,Interior Design Showcase of Modern Living Spaces
vs_12693,Replacing Refrigerator Shelf Bucket
vs_12694,Teen performs backflip on trampoline
vs_12695,Puppies Playing Fetch in Park
vs_12696,Mad Sad Crazy Ass Eatinging The Poor Dog
vs_12697,Crowd erupts in celebration at trackside
vs_12699,Craft Women's PXC High Performance Running Jacket
vs_127,Baby laughing uncontrollably
vs_1270,Skier jumps off off ski ramp into water water
vs_12700,Yellow line traces rugged terrain in 3D map view GuidIdGa
vs_12701,Biker rides over over ramp in field
vs_12703,Man performs backflip on trampoline while friends watch
vs_1271,Camper Coffee Co. @ B Buckerell Lodge
vs_12710,Man discusses and demonstrates battery cable maintenance.
vs_12712,Seattle Snow Storm: Weather Delay in Effect
vs_12714,Man performs ring dips and pull-ups in gym.
vs_12715,Left Handed Newsboy Front Post DC Knitting Tutorial
vs_12716,3 Handle Tub & Shower Faucet Conversion
vs_12717,Puppy interacts with car tire and person's feet
vs_12718,"Pickup truck pulls heavy trailer, dust rises"
vs_12719,Group takes selfie outside Palace of Fine Arts Theatre sign
vs_1272,Man discusses job changes post-town hall event.
vs_12720,Birthday cake with candles on table
vs_12721,Basketball player makes impressive dunk
vs_12725,San Francisco Giants Parade Celebration
vs_12727,Child's bicycle with training wheels parked against green fence.
vs_12729,Worker operates large forging machine with glowing metal
vs_1273,Farm Frenenz 3: American Pie Game Overview
vs_12730,Woman drives away in stranger's car
vs_12733,Cat chatters at paper ball
vs_12739,Dune Buggies Jumping Test Hill
vs_1274,Surfing lesson in a-ground pool with instructor
vs_12741,Child blows out birthday candles
vs_12744,Girl cries while getting braces adjusted
vs_12745,Helicopter rescues person from small boat
vs_12746,Fan fight breaks out in stadium during game
vs_12749,"Motorcycle crashes into pickup truck, driver escapes unharmed"
vs_1275,Cat plays with toy near hiding behind scratching post
vs_12753,Disability Awareness: Jane Walters Returns to the Sea After Water
vs_12755,Great Ball of Fire: Possible Meteor Sighting in Heartland
vs_12756,Man rides ATV on gravel path near house
vs_12758,Air Duct Cleaning Services: EPA's Top 5 Environmental Risk
vs_12759,Boys ride quad in backyard
vs_1276,"Blind Man, Dog Survive Subway Fall"
vs_12763,Robotic arm operating grinding machine in factory
vs_12765,Woman plays with piglet in grass
vs_12766,"Man walks in pouring rain, van drives away."
vs_12767,Blue 125cc Sport ATV for sale
vs_12769,Girl talks about mom's health issue while wearing hat.
vs_1277,"Gymnast performs flip, lands awkwardly, falls"
vs_12771,Embroidering Setup: Hooping Knit Fabric
vs_12772,We're Going On A Bear Hunt Live On Stage!
vs_12774,Black Mustang performs burnout on suburban street
vs_12775,Man discusses pet insurance with dog.
vs_12777,Firefighters rescue 44
vs_12780,"Man drives through home, causing chaos."
vs_12781,Man pretends to scare child with toy
vs_12785,How : How to Degrease Non-Slip Flooring Using a
vs_12786,Jeep race through muddy obstacle course
vs_12788,"Hot Air Balloon Collides with Another, Inflating Tear Causes Crash"
vs_12789,Blezz Melano - Don't Trip Feat. Suzy Q
vs_1279,Baby Trend Sit N Stand Double Stroller Features
vs_12796,Homemade French Onion Dip Recipe
vs_12797,Minnesota Football Team Celebrates Victory
vs_12798,Dogs Playing in Inflatable Pool
vs_1280,Dirt Track Racing: Fast Paced Door
vs_12801,Automated bottle filling machine in operation
vs_12803,The Royal Mint's Lucky Silver Penny Gift for Newborns
vs_12805,Waterfall crashes through forest canopy
vs_12808,Woman shows weight loss progress in shorts.
vs_12809,Mark Goldberg discusses finding reliable window replacement contractors.
vs_1281,Boy performs backflip into water pool
vs_12810,Jeep Stuck in Mud Pit
vs_12811,Under the Ocean: Light n' Smash!
vs_12813,Bicycle rider navigatesates
vs_12817,Teen driver arrested after fatal accident
vs_1282,Family dancing together in living room
vs_12820,Attaching Blind Stitch Foot for Hemming
vs_12821,Woman in white suit being lifted by man in hoodie.
vs_12825,Man dances in gymnasium
vs_12826,Protesters throw Sikh iron at Bahrain police officer using fire extinguisher 12/4200
vs_1283,Mounting a rail: Parkour Technique Tutorial
vs_12831,Plumbers Now! Call 303-625-64444
vs_12832,"Man dances in office, then gets fired"
vs_12840,Alicia Keys performs at 2013 Obama inauguration ball
vs_12844,Man in hat on laptop screen
vs_12846,Gray Rabbit Eating Grass and Leaves
vs_12849,Swimmer competeses in indoor pool race
vs_12853,Playing open chords on acoustic guitar.
vs_12856,Direct Energy advises on handling water heater leaks and strange sounds.
vs_12857,Time to Play Toy Review: Interactive Baby Rattle Demonstration
vs_1286,Three Simple Tips for Bathroom Cleaning
vs_12860,Woman trains dog to potty on leash in yard.
vs_12863,Police horse meets small dog at Occupy Wall Street protest
vs_12864,Smart Puppy Fetches Game
vs_12865,Erica O'Young discusses fashion trends in a store
vs_12866,Sailboats silhouetted against sunset sky
vs_12867,Feedinging baby bird with syringe
vs_1287,Car navigates through muddy track amidst cheering crowd
vs_12872,Large dog plays with smaller dogs indoors
vs_12873,Pug Dog Playing with Toy in Car
vs_12874,Top 7 Tips for Homemade Dog Food Preparation
vs_12875,"Man climbs out window, hangs from rope, falls into street"
vs_12876,Forte Coffee Beans Production Process
vs_12878,Fan falls to death from Turner Field's upper deck
vs_12880,Woman plays with dog in grass
vs_12881,Police officer shoots dog during arrest
vs_12882,Top 8 Do'ss and don't'ss for princess party planning
vs_12883,Biker jumps off bike into water dock into lake
vs_12884,Man jumps from rooftop onto street
vs_12885,Breakdapers perform acrobatic moves in public square
vs_12887,Athletes sprint across track during race
vs_12888,Children's birthday party setup with dresses and decorations
vs_12889,Turning metal part on lathe machine
vs_12890,North Central College Hosts National Track & Field Championship
vs_12891,Dogs playfully follow each other in living room.
vs_12894,Man dances while friends watch in living room.
vs_12899,Marine Veteran Saves Pregnant Woman from Beating
vs_129,Man opens Mofi Juice Pack Pro Outdoor version
vs_1290,Autographed Kansas City Royals helmet shown
vs_12900,Man performs acrobatic flips on rooftop
vs_12901,Baby blows bubbles while kneeling
vs_12902,Techwell Cold Roll Forming Machine Demonstration
vs_12908,Man eats 15 French fries in one second
vs_12912,Child plays with red cloth at table near window
vs_12913,Homeowner discoversæ¸¸æ³³åžƒåœ¾å¡«åŸ‹åœº
vs_12919,"Save Water, Save Money: Tips from Dupree Plumbing"
vs_12922,Child points at cars while speaking about them
vs_12924,Top End Mud Racing Oct 2012 - Parade Lap Season Starter
vs_12926,Baby Monkey Riding Pig Game
vs_12928,"Boy jumps into lake, falls into ground."
vs_12929,Child swings on rope swing in backyard
vs_1293,CCTV captures Tarun Tejpal entering lift with police
vs_12931,"Woman opens car door, gets out, walks across street"
vs_12932,Little Big Planet Level: Mountain Bike Hilltops
vs_12934,Cat plays with person's hand in room.
vs_12937,"Jeep races through muddy waterhole, crowd cheers"
vs_12938,"Teacher writes ""Happy Birthday"" on whiteboard during class."
vs_1294,Interior Design Showcase: Modern Living Spaces
vs_12940,Family of five killed in late-night hill-jumping joyride crash
vs_12941,Don't Tip the Waiter Game
vs_12942,Man performs break dance in crowded subway station
vs_12943,Top 7 Do'ss and don't'ss for puppy potty training
vs_12945,Woman trains Rottweiler in park with leash
vs_12946,Police officers detain man on street
vs_1295,Dogs playfully interact inside a kennel area.
vs_12950,"Blue car drifts on highway ramp, creates smoke."
vs_12951,I'm Geno Gruber and I'm Sick of Poor Customer Service
vs_12955,Airplane design cushion showcased
vs_12958,Driving on Highway 395 towards June Lake Junction
vs_12960,Cars: Elvis RV Club Mega Size Toy Showcase
vs_12961,Skaterer performs graceful routine on ice rink
vs_12963,Girl helps friend balance on skateboard while another rides toy car
vs_12964,Steam Control: Boiling Point Level 7 Walkthrough
vs_12966,Motorcycle driver engulfed in flames after collision
vs_12970,Altrincham based 24 Hours 7 days service
vs_12973,Pod of killer whales swims free after becoming stranded near Australia's Fraser Island
vs_12975,Dog chags and runs around living room with children
vs_1298,Child rides bike through muddy puddle
vs_12980,Vintage Lolita Fashion Display
vs_12982,Dadter and baby play on bed
vs_12983,NRA advocates for lunch ladies carrying weapons in schools
vs_12985,Fatal Plane Into House Crash Auburn WA
vs_12987,Man in hat dances enthusiastically in room
vs_1299,Woman dances energetically in classroom
vs_12992,How Casual Suit Blazer Styling Tips
vs_12993,"Crazy guy jumps into six, friends react"
vs_12996,Roadside memorial for victims of high-speed accident
vs_130,Pug puppy plays with stuffed toy on rug
vs_13003,Jet ski crashes into luxury yacht
vs_13005,Puppy plays with stuffed toy on blanket
vs_13007,American football players practicing drills
vs_13008,Choir members struggle to stay together during performance.
vs_13009,Garage ceiling leak inspection and repair process
vs_1301,Creative Design USB Powered LED Blowing On/Off Candle Lamp Mood Light Air Kerosene Lamp
vs_13011,Three floor cleaning machines displayed side-by-side.
vs_13012,Children play with vacuum cleaner indoors
vs_13013,Woman slides down stairs in black hoodie.
vs_13014,Drilling into reveal rusty pipe behind concrete floor
vs_13016,Black puppy destroys living room
vs_13019,Crashes on Camera: Cars Collide in Rainstorm
vs_13023,Local Girl Hit by Foul Ball at Dodgers Game Turned Into Magical Surprise
vs_13026,Woman drinks loudly while talking
vs_1303,Football player Thomas Tyner scores touchdown.
vs_13030,Pep Boys Holiday Savings Event
vs_13032,Dry Ice Blasting Removes Dirt from Ornate Carvings
vs_13033,Train passes by on railway track
vs_13034,Dachshund Owners Share Their Dogs' Westminster Show Journey
vs_13036,Sewing machine needle stitchinging fabric
vs_13037,Man balances on tightrope over mountains.
vs_13038,Boys prepare for rope swing jump into lake
vs_13039,Dad wears Daisy Dukes to teach daughter a lesson
vs_1304,Steam tractor plowing field at fairground event
vs_13041,Tree falls on apartment balcony during high winds
vs_13042,Cat drinks rainwater from wet chair
vs_13043,Jeep navigations
vs_13046,Two women argue outside starbucks
vs_13049,Crowd celebrates in mall with balloons and large screen
vs_13051,Children playing in colorful indoor playground with adults supervision
vs_13054,Boy steals TV remote and locks door
vs_13056,Two juveniles flee after hit-and-run crash
vs_13060,Baby girl blows out birthday cake candle.
vs_13067,Motorcycle tips over while group assists
vs_13072,Subway Fit: Subway Fans Exercise in Park
vs_13073,Gold ring with pink gemstone and diamonds accents
vs_13074,Belly Dancer Demonstrates Basic Footwork
vs_13075,"Biker jumps into lake, crashes into water swimmer"
vs_13076,Replacing the Rubber Band - Bite Out Coin
vs_1308,Man models striped shirt against white backdrop
vs_13083,Traffic Sign Recognition and Safety Awareness
vs_13087,Motorcycle crash on rural road with debris and damaged vehicles
vs_13088,Air Force Academy Boxing Championship Celebration
vs_13089,Jeep drives through forest trail with passengers
vs_13092,Skeet Shooting: Pass Level 12 with Duck Swim Strategy
vs_13095,Fan signs autograph for golfer
vs_13097,Diamond stud earrings showcase unique designs
vs_1310,Motorist dies in Spanish Town road accident
vs_13100,Diamond Engagement Ring Showcase at BloomingBeautyRing.com
vs_13101,Yellow train passes through greenery under cloudy sky
vs_13102,BMX rider attempting backflip in skatepark
vs_13103,Man climbs rope in gym with encouragement
vs_13104,Winter tire buying guide: choosing the right tires for snowy roads
vs_13110,Tree climber descendses from height
vs_13111,Purple elephant figurine playing drum
vs_13114,Happy 21st Birthday Celebrations!
vs_13115,Classic trucks showcase at car show
vs_13119,Person runs away from another person in dimly lit room.
vs_13120,Bikers descend dirt trail at sunset
vs_13121,Woman back-riding horse with dog on back
vs_13123,Dog Agility Training: Tunnel Obstructions Practice
vs_13125,Sketcher Kids Shoe Review: Soft Upper & Comfortable Sole
vs_13126,Car rear-ended by speeding motorcycle
vs_13127,Bald eagle feeds chicks in nest
vs_13132,Interior Design Showcase: Modern Living Spaces
vs_13134,PressureJet Tube Cleaning Accessories Demonstration
vs_13135,Oddballmatt'ss Viral Toons: Parrot Escape
vs_13137,"The Car Doctor: Diagnosed Correctly, Cured with Care"
vs_1314,Actor Paul Walker dies in car crash during charity event
vs_13143,Dog plays fetch with multiple balls in backyard
vs_13144,CNN: Unidentifiable Object Found in Panama Canal
vs_13145,"Fire destroys Pickens County home, family grateful"
vs_13146,Hosts discuss toilet paper poll on air show
vs_13148,Dogs playfully chase each other along a path near riverside.
vs_13149,Hot Stamping Machine for Penciles
vs_1315,Jeep drives down sand dune in desert
vs_13151,Factory Tour with Improved Lighting Installation
vs_13152,"Bus Driver Bounces Out of Seat, Wrecks"
vs_13155,Monster truck races on track with crowd cheering
vs_13158,The cat rolls over the bed
vs_13159,Woman discusses coffee preferences with Mr. Coffee machine.
vs_1316,Protestersers clash with Turkish riot police in Ankara
vs_13160,Monster Truck Races Through Mud Pit
vs_13161,Dog jumps into catch ball thrown into pool
vs_13162,Baby Panda Born at Smithsonian's National Zoo
vs_13165,"Man pulls rope, others assist in clearing forest path."
vs_13166,Hydrogen Peroxide Rocket Engine Technology Explained
vs_13167,Jewelry display in white gloves
vs_13171,Carolina Home Exteriors: Outdoor Living Solutions
vs_13173,Dogs playfully fight over bone in grass
vs_13174,Man in suit with blank face appears in forest
vs_13175,Feliway: The secret to happy cats
vs_1318,Man discusses motorcycle features in parking lot
vs_13180,Man saves falling child from apartment building
vs_13181,Man repairs broken drain pipe using jackhammering slab
vs_13184,Liori Diamonds New York Showcase
vs_13185,Woman claims hormonal imbalance for driving into pedestrian
vs_13186,Magician performs impressive juggling tricks
vs_13187,Player discovers hidden weapon behind fridge in game.
vs_13188,Pressure washing a wooden pallets
vs_1319,Sewing vibrant fabrics with traditional craftsmanship
vs_13193,How Heather Burge discusses bridal attire for white-tie weddings.
vs_13194,Couch battle: Cat vs. Dog
vs_13195,"Baby sits on adult's lap, looks around, then man leans down, kisses baby"
vs_13197,Man in striped shirt slips and falls down stairs
vs_13198,Dr. Paul discusses happiness in dating for boomers women.
vs_132,Woman reacts dramatically while watching
vs_13200,"Man dribbles basketball, runs, and shoots in gym."
vs_13202,Woman discusses making a good first impression.
vs_13203,Yankeee Custom Truck & Sport Utility Accessories
vs_13204,Dance Competition Highlights Compilation
vs_13207,Kenya Blood Drive After Out After Horrrible Attack
vs_13208,"Jackie Wilson Refused to Play to Segregateded Crowd in New Hope, Arkansas"
vs_13209,Dashcam captures car entering gate
vs_13210,Car flips over attempting sand dune jump
vs_13212,Giant Squidid Caught on Video for First Time
vs_13213,Build Your Own Super ReallyWood Fire Rescue Truck
vs_13220,"Red Jeep climbs steep dirt hill, kicking up dust."
vs_13221,"Woman plays with puppy in grass, toys involved."
vs_13224,Florida Road Rage Driver Shot to Death While Calling 911
vs_13225,Tractor plowing field with large
vs_13227,Radiant Cut Diamond Halo Ring Showcase
vs_13229,Man operates snowplater in residential area
vs_1323,Motorcycle rider drives away from camera down residential street.
vs_13230,Police cars with flashing lights chase suspect at night.
vs_13231,"Woman rides bike, talks to camera, then person passes by."
vs_13232,Crafting Plus-Size Knitting Dress Forms
vs_13233,Building a barbecue grill with steel framing and built-in features
vs_13234,Dogs playfully splash in inflatable pool
vs_13235,Golden Retriever Running on Beach
vs_13239,Jeep Exhaust Sound Test on Road
vs_1324,Pinewood Derby Designs & Patterns
vs_13240,"Taxi drives through wet city streets, avoiding collisions"
vs_13244,Woman washes dog in public car
vs_13245,Train passes through station platform unnoticed
vs_13248,Man demonstrates vintage sewing machine stitchinging denim and leather
vs_13249,Bling Bling Watch: Hip Hop Jewelry Look
vs_13250,Dog catches pink fris boat
vs_13251,Luxury Handbags: Stylish Designs & Features
vs_13254,Unboxing Bike Bicycle Tire Repair Kit
vs_13261,Great Deals on Glass Display Cabinet
vs_13262,Workers race to unearth victims of mudslide in Rio de Janeiro
vs_13263,Man in black sweatshirt gesturingiously moves around room.
vs_13266,Red Dead Redemption Glitch: Fly Sky Dive
vs_13269,Customize your truck with 3-inch lifts and 33-inch tires.
vs_13271,Man climbs tall palm tree for maintenance
vs_13273,Puppies playfully chase each other around Christmas decorations.
vs_13275,Truck overtakes multiple vehicles on highway
vs_1328,Little boy blows out birthday candles with family.
vs_13280,Horse rearsses rider during parade
vs_13281,"Car flips over dirt road, driver upside down"
vs_13282,Woman pets playful kitten on lap
vs_13283,Red truck with snowplveler parked outside building
vs_13285,Greasing the Pan for Tube Cakes
vs_13290,Men dismantle brick chimney together
vs_13294,Jeep race through muddy terrain
vs_13296,WholesaleSarong.comcom OneStopWholesale
vs_13298,Snowmobile race starts with riders speeding down the track
vs_133,"Jeep races through dirt track, crowd watches"
vs_1330,Indoor Track Championship Shot Put Event
vs_13300,Children play with hula hoops while adults dances nearby
vs_13301,Washington Nationals celebrate World Series victory
vs_13303,Jessica Claire discusses dating advice for street interactions.
vs_13307,Police van with flashing lights arrives at busy street corner
vs_13308,Boy rides bike into water and swims in lake
vs_13309,Gymnatic Front Flip Preparation Drills
vs_1331,Appliances Online Launch new 200
vs_13314,Jeep stuck in muddy field being towed out
vs_1332,Skydiver lands in movingin' car during stunt
vs_13322,Metal Rescue Rust Remover Bath Demonstration
vs_13325,Bicycle rider hit by car at cross
vs_13328,SealStixx Bag Sealer Demonstration
vs_13331,"Car on fire, black smoke billows from building"
vs_13333,Baseball pitcher throwing ball
vs_13335,Helicopter lands for medical evacuation
vs_13336,Replacing Refrigerator Shelf Retainer Bar
vs_13339,Contest Rules for Barrel Racers
vs_1334,Daddy carries girl up to cabinet
vs_13341,Porsche 911 GT3 RS crashes into fire on track
vs_13342,Man with cane walks up stairs while skateboarderboards nearby.
vs_13343,Racing Humans: The Ultimate Rush
vs_13345,Goat Yelling Like a Man
vs_13347,Dog ch chases pigeons in public square
vs_13350,Dogs playfully interact with a owner in kitchen.
vs_13352,Sewing Pocket with Brother Overlock Machine Demonstration
vs_13356,"Child rides toy car down hill, falls, gets up, runs away."
vs_13359,Man Installs Chair Arm Pads
vs_1336,Boys dancing enthusiastically in club setting
vs_13364,Dancers perform on stage in vibrant lights
vs_13367,Machine processes cylindrical metal parts
vs_13368,South Africans' superhero requests for a day day
vs_13370,Ford Explorer Lego Partnership at Legoland Florida
vs_13371,The video shows a glowing pumpkin with a smiley face illuminated in different colors
vs_13372,Fishing boat crew battles large fish in rough seas
vs_13373,Cat jumps through glass door to enter
vs_13374,Man falls off ledge near attempting stunt
vs_13375,Garage Door Opener Motor Capacitor
vs_13376,"England's On Site Truck Repair Indianapolis, IN"
vs_13377,Sub Zero Dry Ice Blasting Removes Rust from Car
vs_13378,Futuristic Spa Interior Design Concept
vs_1338,Dog wearing striped shirt climbs stairs
vs_13380,American Muscle Calendar 200
vs_13382,Cheap Engagement Rings Sale: Up to 70% Off
vs_13384,Dinosaur friends explore through jungle terrain
vs_13385,Fruit Character Smiles Transition
vs_13386,Warren's Nose vs Fly Zapper Round 2
vs_13387,Man flips pancakes skillfully at night market stall
vs_13388,Parrot bites person under table
vs_13389,Man jumps out of cannon into crowd cheers
vs_1339,Sea otter floating and grooming in water.
vs_13390,Child left in hot car dies after father's left him for hour
vs_13398,Police cars with flashing lights chase suspect vehicle at night.
vs_13399,Pit Bull Shot During Home Invasion Robbery Attempt
vs_134,Dog playsfully chases and pounces on toy indoors.
vs_1340,Easy Start Finish Tool for Smooth Woodturning Cuts
vs_13401,Horse drinks water from plastic container
vs_13404,Power Rangers Super Megaforce Toys Showcase
vs_13405,World's tallest rideable motor motor
vs_13407,Chef Adrian Bustamante demonstrates injecting beer into chicken for grilling.
vs_13409,Father's Day field day includes dads
vs_13410,White Rolls-Royce drives through luxury mall
vs_13412,Man drives tractor with front loader in parking lot
vs_13414,Dog plays with person's feet while sitting on lap.
vs_13415,Bud Light Party with Dogs Playing DJs
vs_1342,Woman plays fetch with dogs in park
vs_13421,Motorcycle rider performs daring stunt at night
vs_13424,"Man jumps from cliff into lake, swims up"
vs_13425,Huge Chevy pulls hole at Shiloh Ridge-Halloween Ride 2011
vs_13429,Jeep drivers struggles through muddy forest path
vs_13433,"Motorcycle rider crashes into guardrail, driver stops to assist"
vs_13436,Muscle Milk race car crashes into barrier
vs_13437,Children play with cat in living room
vs_13438,TORC Off-Road Racing Event Highlights
vs_1344,Child reads book to adult
vs_13440,Sewing a shirt patch onto shirt collar
vs_13441,Dance crowd moves to music in dimly lit club
vs_13445,Spider-Man visits Burger King
vs_13447,Interior Design Showcase: Modern Living Spaces
vs_1345,Blue liquid swirls in glass cup
vs_13450,Wedding Cake with Pink Ruffles and Flowers
vs_13456,Woman hands over baby st cart to clerk
vs_13459,Jeep drivers struggles through muddy forest trail
vs_13460,Royal BBC Royal Wedding: Bride Arrives
vs_13463,Drayton Group Inc Power Washing Services
vs_13466,Man falls off trampoline while attempting flip
vs_13467,Girl falls during high jump attempt
vs_13472,Dogs playfully chase each other in living room
vs_13477,Celebrity fans cheer outside of venue
vs_13482,"Cat rolls around on bed, looks up"
vs_13483,Puppies Singing and Howling Together
vs_13485,"Dog rolls around on carpet, plays with toy."
vs_13488,"Elephant calf walks on red, dragging feet."
vs_13489,Red car crashes into bus on street
vs_1349,CNC machine cutting wood in factory
vs_13490,Child gets stuck in laundry machine
vs_13491,Woman showcases black leather handbag
vs_13492,Bubbles and Dry Ice Explained
vs_13495,Winterize Your Car for Safety and Savings!
vs_13496,Man performs box jumps in gym setting
vs_13498,Driver escapes after being thrown from truck during collision
vs_13500,"Bicycle rider loses control, crashes into wall"
vs_13501,"Man runs out of store with shopping cart, van follows"
vs_13504,"Fan climbs over fence, crowd cheers"
vs_13505,Goalkeeper practices catching high balls with a wall
vs_13512,Alex Vallejo Jumps Over Columbus Catcher on Play at Plate 6/2
vs_13513,"Truck overturned on busy highway, emergency response underway"
vs_13515,Color-changing LED water feature display
vs_13516,Workers expose dangerous dump site on Detroit's East Side
vs_1352,Puppies playfully chase tennis ball at night.
vs_13524,"Jim's Mobile Repair Kansas City, KS"
vs_13525,Corrugated Sheet Forming Machine Demonstration
vs_13526,Woman showcases engagement ring with halo design.
vs_13527,"Cat jumps through ceiling, chatches toy"
vs_13529,Leash training for Ginger Toy Poodle Puppy.
vs_13534,How Brian Swan Demonstratess Tuxedo Collar Adjustment
vs_13537,Mud racing competition with trucks and ATVs
vs_13538,Man jumps into rescue from frozen lake
vs_1354,Man speaks into crowd about race car setup
vs_13540,Child drives toy car through muddy field
vs_13541,Man falls into poolside during playful interaction
vs_13542,G&C Tire and Auto Service Repair Advertisement
vs_13544,Duck Hunt: Balloon Bridge Challenge Solved
vs_13547,Dog runs with toy in grassy field
vs_13548,Racing Humans Event Promo
vs_13550,Man sings in recording studio
vs_13551,Woman applies gel to dogs' teeth at they stand still still
vs_13552,Jamie Frex Memorial Ride Honorsing Mother Killed in Party Bus Accident
vs_13553,Puppy Gets Familiar with Leash and Collar on Walk
vs_13557,WF Zombie Crawl & 5K
vs_13558,Girls' 60m Hurdles Race Semi-Final
vs_13559,Kim Kardashian and Kanye West Rent Hospital Floor for Baby Birth
vs_13560,Woman plays fetch with dog in pool.
vs_13562,What Are the Best Ages for a Horse to Train and Compete
vs_13563,Mechanic explains on car engine repair in garage
vs_13568,"Two-headed kitten born in Oregon, rare anomaly"
vs_13575,White pickup truck drives under covered walkwayway
vs_13576,Girl performs acrobatic flip in gymnasium
vs_1358,Baby laughs while playingfully pretending to cry.
vs_13580,Kitchen Tile Installation Progress: Day 1 setup
vs_13582,Clubfit Personal Training: Fitness Fun and Goals
vs_13583,Motorcycle flips over stunt gone wrong
vs_13587,M Perkins Mud Bog Oct 2013
vs_13590,Man tries various traps to catch rats
vs_13591,Girl blows out candles on birthday cake while friends watch
vs_13592,Automated Car Wash System Malfunction
vs_13593,"Motorcycle rider hit by car, driver flees"
vs_13594,Veterinarian saves puppies in need
vs_13595,Dog enters through open door in kitchen
vs_13602,Man hikes with Bengal cat on backpack harness
vs_13606,Interior Design Showcase: Modern Living Spaces
vs_13607,One Dead After Head-On Crash in Valley Center
vs_13608,Woman lying on zebra-patterned blanket
vs_13611,"Colin introduces himself as ""Hello I'm Colin"""
vs_13612,John Levy discusses his experience with Positive Steps program.
vs_13614,Dog being for medical examination by veterinarians
vs_13615,Baby eating snack while sitting in car
vs_13616,Track athletes compete in relay race
vs_13618,"Woman demands refund, grabs cash register, throws cookie jar."
vs_13619,Men's Dog Tag Pendant with 38inch Necklace - Silver Plated
vs_13620,Player gets killed by explosion while jumping over wall
vs_13623,Man in red shorts hands money to staff member outside outside
vs_13625,David Pollock demonstrates DIY foot cleaner using lemon
vs_13627,Flat Black black Phat beach cruiser with 144 spoke rims
vs_1363,Two women pose and gesture in front of white backdrop
vs_13630,Crazy things people do behind the wheel: fail to wear their seatbelts
vs_13631,Christmas lights display house at night
vs_13636,Diamond Studded Eternity Ring Showcase
vs_13637,Man talks about fixing wall after dog incident
vs_13638,Jeep drives up rocky hillside
vs_13639,Soldier surprises sons at Disney
vs_13640,Man plays with dogs in indoor area.
vs_13641,Monster truck flips through ramp in arena
vs_13643,Abdominal Workout: Strengthen Core and Tone Stomach
vs_13644,Bicyclist rides down grassy slope near house
vs_13647,Create custom apps with AppCat Studio
vs_13648,Layering T-shirts for winter and fall fashion tips
vs_1365,Man throws javelin during track meet
vs_13651,Texas Hold'em Poker Gear Spotlight: Fat Cat 500
vs_13652,Woman takes photo of store window display people walks by
vs_13653,Liori Diamonds New York showcases elegant engagement rings.
vs_13656,Man shoots from airboat in swamp
vs_13658,Dad feeding baby while other sister watches
vs_13659,Thule Easy-Ffit Tire Chains Installation
vs_1366,Creating a homemade insect trap using dish soap
vs_13660,Woman discusses hubcaps in warehouse setting
vs_13669,Rocky: A cheerful boy ready for adoption
vs_1367,Car flips over guardrail on highway
vs_13670,Tyson Chandler Slam Dunk
vs_13673,Tractor blocks car at intersection
vs_13674,Child plays keyboard with adult guidance
vs_13678,The Cooling Waters & The Rahming Brothers Present: Celebrating Moms
vs_1368,Wrestler executes headlock on opponent
vs_13681,Dog plays fetch with buckets and ball in yard.
vs_13682,Snowmobile Racing Starts: Visualize the Start
vs_13683,"Bad dog runs, sits, lies down, listens "
vs_13684,Dog plays in kiddie pool with water
vs_13688,Bull charges through narrow alleyway people
vs_13689,Yellow sports car crashes into dust cloud
vs_13692,"Woman bites neighbor, digs in ground like dog"
vs_13694,Cat plays with water faucet in sink
vs_13695,Jeep drivers helps stranded vehicle on sand dune
vs_13697,Child's bicycle with decorative flowers parked against green wall
vs_13701,Protestersers riding bike through crowd
vs_13702,The Kid and the Pope: Boy Wandersers on Stage and Stays
vs_13704,Hair processing using sewing machines in factory setting
vs_13708,Puppy chases person near poolside
vs_1371,Pekingese wins Best in Show at the 136th Westminster Kennel Club Dog Show.
vs_13711,Teenage Mutant Ninja Turtles: Out of the Shadows
vs_13714,Child falls while playingfully chasing ball in yard
vs_13716,Puppies fight over food water bowl
vs_13719,Engraving machine creates precise markings on circular text.
vs_1372,Little girl dances for Aunt Cat's birthday
vs_13724,Woman organizes closet space drills and tools.
vs_13725,Jeep SRT8 wins two race
vs_13726,"Suspects flee with stolen money, crowd gathers for loot"
vs_13732,Commercial carpet cleaning saves money and keeps carpets looking new
vs_13733,Man dances in kitchen while others watch
vs_1374,Man jumps into river from cliff
vs_13741,"Crocodile takes algae bath, achieves high score."
vs_13743,Man jumps from rooftop onto street below
vs_13745,Flood Damage Restoration Services by Quick-Dry Flood Services
vs_13746,Woman examines dog's mouth closely
vs_13747,"White van drives into parked cars, causing collision"
vs_13748,"Jeep stuck in mud, other rescue attempted"
vs_13750,"Group performs on beach stage, crowd cheers"
vs_13752,Teenager girl making funny gestures and holding props
vs_13753,Repairing a rug with a needle and thread
vs_13756,Speed Dating: First impressions matter
vs_13762,Dog chreacheses ball in park
vs_13764,Custom Kids Furniture Design Showcase
vs_13766,Man jumps off cliff into sea
vs_13767,Liori Diamonds New York Showcase
vs_13768,"Model airplane crashes and lands on sand, man retrieves it."
vs_13769,Police chase suspect crashes into police car
vs_1377,Iron Man runs through gears and obstacles.
vs_13770,Singers perform on stage with band.
vs_13773,Ghost caught on tape after mortal car accident
vs_13778,Dog Walks Baby with Stroller
vs_13779,Sewing machine operation demonstration
vs_13782,Man jumps into pool from balcony
vs_13783,Three women ride horses through parking lot.
vs_13785,Child plays card game while watching TV in living room
vs_13786,"Quad riders stuck in mud, crowd gathers"
vs_13789,"Man runs away after hitting pedestrian, falls down embankment."
vs_1379,Obama delivers speech to large crowd
vs_13792,White car performs drifts and slaloms through cones
vs_13793,Salutete to Troops: Gunnery Sgt. Randall Small
vs_13797,Man dances while wearing headphones in room.
vs_13798,Public Safety NSW LED Light Bar
vs_138,"Woman sits in chair, dog climbs onto her back."
vs_1380,FHP Trooper Suspended After Use of Firearm
vs_13804,Child drives toy Jeep while adult pulls real Jeep down driveway.
vs_13806,Golden Retrieverer Puppies Playfully Fighting in Cage
vs_13809,Jeep Driving on Soft Hill in Sand
vs_13810,Man drives office chair-powered tracked vehicle in parking lot
vs_13812,Crowd cheers at stage at Austin City Limits Music Festival
vs_13813,Best Tire Brands: YouTube/PeepMYSteelo
vs_13814,Children petting large dogs at a dog show
vs_13819,"Baseball player hits home run, dives for ball but misses."
vs_13820,Button Attaching Machine Demonstrates
vs_13824,People push snow-covered car down snowy street
vs_13825,Woman speaks directly to camera
vs_13827,BMX rider performs aerial flip trick
vs_13828,Ice Maker Repair: Appliance Repair and Service
vs_13829,Man walks dog in kitchen while others move around
vs_1383,Colonial Floor Repairing Palm Beach
vs_13830,Boys 400 Meter Dash Race Begins
vs_13831,Modern Kitchen Designs Showcase by Fedisa
vs_13832,"Robberber breaks free, stumbles into parked cars as he tries to find his accomplices"
vs_13834,Skateboarderer jumps over concrete block
vs_13835,Monster trucks race in arena with dramatic jumps
vs_13839,Discover How to Prepare Your Dog True Delicacies
vs_13840,Man jumps into river from cliff edge
vs_13843,Trenchless Pipe Lining Solution for Homeowners
vs_13845,Pearl Care Card Offer
vs_13847,Man in leotard dancing in room
vs_1385,Man rides motorcycle through cones on road
vs_13851,Woman in pink ruffled blouse stands outside door showcasing Christmas outfit.
vs_13853,"Squirrel steals water from bottle, runs away"
vs_13857,Boy Run Over By Fireworks Float
vs_13858,DeLonghi Launch new coffee machine lineup
vs_13859,"Runner falls during race, competitors continue"
vs_13860,Woman speaks enthusiastically at trade show
vs_13866,"Kitten climbs onto red couch, looks up"
vs_13868,Subway Rat: Passengers Shocked by Subway Passenger Encounter with Rat
vs_13869,Snowboarderer jumps over snow ramp
vs_13870,"Baseball player hits foul ball, fans catch it."
vs_13873,Man jumps off roof onto ground
vs_13875,Golf player falls into waterwater after misjudging shot
vs_13876,Africa Gems: Exclusive Mother of Pearl & Mozambique Garnet Ring
vs_13878,Hip Hop Bling Jewelry Ad
vs_13879,Pool Maintenance Services: Keep Your Pool Sparkling Clean!
vs_1388,Sewing machine stitching fabric efficiently
vs_13886,Man climbs rope in gym using
vs_13889,"Man rides dirt bike, falls off tree"
vs_13890,Russia Plane Crash Near Irkutsk
vs_13891,Bicycle crashes into picnic table in park
vs_13892,Personalized Name Pendant Displayed
vs_13896,Man attempts three backflips into Smith Mountain Lake
vs_13898,"Man walks through snowy street at night, passing cars"
vs_13899,Red Bull pit crew performs tire change
vs_139,Homeless tents line city sidewalk at night.
vs_1390,Crufts's 20013 Agility Competition Highlights
vs_13901,Blue monster truck races through mud track
vs_13902,"Player achieves multiple kills including ""First Blood"" and ""Headshot"" in a game"
vs_13903,Elephant charges at school playground
vs_13904,Justin Bieber and Selena Gomez together again
vs_13906,Dog plays with cup cup on floor
vs_13907,"Woman drives while talking on phone, swerves, and nearly hits pedestrian."
vs_13909,Race cars speed past fans capturing moment on track
vs_1391,Man appears in court for dog cutting case
vs_13912,Referee signals end of game
vs_13916,Custom-made van with unique modifications
vs_13919,Top 7 Do's and don't's for wedding reception planning
vs_13920,DockDogs Competition at Teva Mountain Games Vail
vs_13922,Best diet for kidney stones secrets revealed
vs_13923,Woman washing a skunk in a luxurious bath.
vs_13925,Woman Found Dead in Home on Titus Street in Cumberland
vs_13927,"Bunny plays with toy, chrouches near treat"
vs_13928,Pickup truck stuck in muddy track
vs_13929,Liori Diamonds New York Showcase
vs_13930,"Man in hoodie sits on subway platform, then person passes by."
vs_13932,Teen arrested for stealing part from Paul Walker's Porsche crash
vs_13933,Bling Bling Watch: Hip Hop Jewelry Look
vs_13935,Interior Design Showcase: Modern Living Spaces
vs_13936,Pressure washing brick driveway clean
vs_13937,Today's Home: When to DIY Yourself
vs_13938,White car drives through winding forest road
vs_13941,Rabbit eats carrot while being being held
vs_13942,"Girl leaps over hurdles, wins race"
vs_13943,Man wash cat in kitchen sink
vs_13945,Gold 2 Number Iced Out Pendant + Free Chain
vs_13948,Snowboarderer crashes into crowd
vs_1395,Girl rides mechanical bull at falls off
vs_13950,Smoke billows from vehicle exhaust pipe in garage.
vs_13951,Man speaks about laser hair removal service.
vs_13952,Military musicians perform in decorated hall
vs_13953,Green Coffee Bean Extract Buying Guide: Avoid Facks
vs_13954,Transforming a Car: DIY Painting Guide
vs_13955,Man rides bike with dog following closely
vs_13956,Dog ch chases toy across person
vs_13958,Cat Chases Laser Pointer in Kitchen
vs_13959,Cape Diamonds Diamond Ring Showcase
vs_13961,Dog jumps and stands on hind legs repeatedly.
vs_13965,Black-and-white cat grooming on rug
vs_13967,Child sings about wanting to leave repeatedly
vs_13968,"Woman runs across street, narrowly avoids car."
vs_1397,Kids' Room Designs by Designaddict Interiors
vs_13970,Pet Care Services Offered in Chicago West Suburbs
vs_13971,Fixing a stuck window with household items
vs_13975,LEGO City Tanker Truck 60016 Review
vs_13977,Child surprises sick man with birthday visit
vs_13978,Water slide collision creates splash at camera
vs_13983,19-Year-Old Killed Operating Model Helicopter
vs_13985,"Man falls down stairs, breaks multiple bones."
vs_13986,Make Spicy Potato Stuffing for Samosas
vs_13989,Plastic bag production line in action
vs_1399,Airplane lands smoothly on wet runway
vs_13991,Labeling machine operates efficiently in a a factory setting
vs_13993,Swimmer performs backflip into water pool
vs_13994,Fan invades field during game
vs_14,Walking MAGIC F1 Savannah from A1 Savannahs
vs_14001,Dogs playfully chase each other around dog bed
vs_14002,Woman eats salad while monkey climbs on her shoulder
vs_14003,Sewing leather strips with industrial machine
vs_14004,"Fred Hassen trains 9-month-old dog ""Crash"" on leash"
vs_14005,Puppy Chews on Blue Rope in Garden
vs_14008,Driver Escapes from Tracks Minutes Before Train Smashes Into Car
vs_14009,Violinist plays for cat on talk show
vs_1401,Red car drives past large truck on busy street.
vs_14010,"Brothers Jewelry: Buying, Sell, Repair, Customize"
vs_14011,Labeling machine operates on conveyor belt
vs_14012,The Mountain Goatss: All Hail West Texas
vs_14014,Hip Hop Bling Cross
vs_14015,Man teaches dog to catch treat in backyard
vs_14019,Baby girl interacts with man on TV
vs_14022,Hit-and-run driver sentenced for fatal crash
vs_14023,Man pulls dog upside down near grassy area
vs_14027,Veterinarian Discusses Rabbit Care Tips
vs_1403,Driver speeds away after hitting pedestrian
vs_14032,Elf-themed office decorations and antics
vs_14033,Booty Shakinging Competition
vs_14034,"Woman walks down street, then dog follows"
vs_14036,Dogs play in snowy suburban yard.
vs_14039,Modern kitchen design showcase by VizizalForm Studio
vs_14040,Car fire on city street corner
vs_14041,Baby being held and finger placed in mouth repeatedly.
vs_14042,Painting Tiles Without Masking Tape
vs_14045,Man pulls car out of snowbank
vs_14046,Man walks past car with bicycles on roof in parking garage
vs_1405,Dragon City: Complete Breeding Guide Download
vs_14050,"Store owner shoots burglar, suspect injured"
vs_14051,Clean Stove Top with Pro-Tek Cleaner Mix
vs_14059,Girl jumps on trampoline covered GuidId
vs_14061,Dancers perform on stage in vibrant club setting
vs_14062,Rotating wooden smoking pipe showcase
vs_14066,Baby Beyonce: The World's Smallest Dog?
vs_14067,Woman in yellow jacket speaks to reporters outside fire incident reported.
vs_14069,Building barbecue pit with hexagonal bricks
vs_1407,Women's 200m Butterfly Victory Ceremony
vs_14070,BMX rider performs tricks in urban environment
vs_14071,Man operates cherry picker near building
vs_14073,Man falls off bike while being hit by car
vs_14077,House votes on motion to concur in Senate amendments
vs_14079,Drift Wheel Assembly Tutorial
vs_1408,Electric Brushless Car Crashes into Concrete Block
vs_14080,Woman slips and slides into fall on head
vs_14082,Honda vehicle drives through heavy snow at night
vs_14084,Baby crawls and interacts with adult
vs_14088,Man climbs building using vacuum cleaner attached
vs_14090,"Man jumps onto couch, dances, exits room"
vs_14091,"Cooking various dishes including pancakes, stir-fry, and fried spring rolls"
vs_14092,Man jumps into water from dock with friends
vs_14094,Dryer Leveling Leg Replacement
vs_14095,Man wraps large large large large gift box
vs_14097,News anchor reports on hospital incident involving armed robbery suspect.
vs_14098,"Man sneezes into clothes, causing disgust."
vs_14100,Military Trucks Perform Stunts in Formation
vs_14103,Fashionable Footwear Collection
vs_1411,Woman wishes friend a happy birthday at Oak Hall.
vs_14113,Children climb into truck door driver opens door
vs_14114,Jeep stuck on rocky trail in forest
vs_14115,Baby climbs out of playpen
vs_14116,Dog saves child in forest fire
vs_1412,Pickup truck towinging stuck Jeep through snow
vs_14122,18K White Gold Round Cut Diamond Engagement Ring Deco Pave Halo 1.76CTW
vs_14123,Welcome Home: Criminals Sentenced
vs_14124,Chrissy Alamo Makes a Low-Carb Peanut Butter Protein Smoothie
vs_14125,Boat trip with passengers enjoying the ride
vs_14127,Top 8 Do's and don't's for princess party planning
vs_14128,Dog food deaths: Dogs in US getting sick from Chinese treats
vs_14129,Woman discusses flea treatment for puppies
vs_1413,Haiti Earthquake Relief Efforts
vs_14130,Stupid guy jumps over a bush
vs_14135,Skeet Shooting: Frog Target Game
vs_14136,Teenagers performs backflip in locker room
vs_14140,Woman trains dog in front of children.
vs_14143,Woman holds sits atop alligator while children watch
vs_14146,Dude Perfect Basketball Dunk Challenge
vs_14147,Man plays fetch with dog in hallway
vs_14150,Puppy runs and plays with toy
vs_14152,"Soldier holds woman hostage, man talks on phone"
vs_14153,Teaching Your Dog to Stand on Two Legs
vs_14156,Kevin Ware Suffers Broken Leg During Game
vs_14158,Woman dances in gold dress in closet
vs_1416,Davy Whippet Sets New Canine Catch World Record
vs_14160,Man rides scooter down residential street
vs_14162,Motorcycle Maintenance with Wheel Jockey
vs_14164,Girl blows out birthday candles while friends watch
vs_14165,Red Bull Formula 1 pit stop demonstration
vs_14166,IFB Service Centre in Jaipur Appliances Showcase
vs_14167,Center of Mass Takeoff Drill
vs_14168,Modern Interior Design Showcase in Mumbai
vs_14169,Coach discusses basketball drills in gym.
vs_1417,Children play inside inflatable bounce house
vs_14172,Band performs on stage with dynamic lighting effects.
vs_14178,Renal Disease Diet Secrets Revealed
vs_1418,Fixing a broken GMC Global Machinery Company pressure cleaner
vs_14184,Completed waterproof deck project with tile installation in backyard.
vs_14186,Cat being bathed and dried with towel
vs_14189,KF-2006EG Industrial Wall Fan Features Showcase
vs_1419,Dog on leash while walking
vs_14190,Spacify Modern Mirrors Showcase
vs_14192,"Man carries blue bag, others watch."
vs_14196,The Doors Absolutely Live Album Cover
vs_14199,Teen plays bass guitar in room
vs_14200,Color Run participants start line and run.
vs_14201,Orphan bat has bad hair day feeding milk
vs_14207,Top 7 Do's and don't's for puppy potty training
vs_14212,Chinese hackers steal plans for new Australian spy headquarters
vs_14213,Side-by-Side refrigerator showcase
vs_14215,Hip Hop Bling: Luxury Pendant Showcase
vs_1422,Man spraysays cleaning products in kitchen
vs_14221,Water damage inspection reveals ceiling leak detected
vs_14225,Man pretends to paints stranger's face in mall
vs_1424,Prince William and Kate Middleton discuss their NBC News Exclusive
vs_1425,Cleaning Cat Urine from Carpets with Club Soda and Febreze
vs_1426,Basketball player performs unexpected dribbling move
vs_1428,Woman throws ball towards goal in backyard
vs_1429,Woman models plaid shirt against white backdrop
vs_143,"Pit Bull Attacks Neighbor, Man Opens Fire"
vs_1431,Red truck loads gravel into excavator in park
vs_1433,Police chase ends with arrest
vs_1436,Interior Design Showcase: Luxurious Living Spaces
vs_1441,Man fights with another person in hallway
vs_1443,Man hangs deer in shed
vs_1445,Woman cleans fiberglass shower with vinegar and baking soda.
vs_1448,Echoquest Harleyshow performance
vs_1449,Top 10 Do's and don't'ts for princess party planning
vs_145,Man breaks board with karate kick
vs_1450,Create a a wall with photos using paper bags
vs_1451,Customer feedback on Lone Star remodeling service wood floor installation.
vs_1453,Professional Pet Sitting Etc. Offers Comfortable Home Care
vs_1455,Hip Hop Jewelry: Bling Buckle Showcase
vs_1456,"Child rides bicycle, falls, and gets up in yard"
vs_1458,Winter Weather Tire Safety Demonstration
vs_1459,Dresses Showcase at Fashionosos.com 
vs_146,Fire truck stops for convertible car with child on back seat
vs_1460,Toddler plays with baby lion cub in zoo enclosure
vs_1467,Man plays with dog in play area
vs_1472,"Baseball player slides into catch ball, umpire signals safe."
vs_1474,Motorcycle rider jumps over white van mid-air
vs_1475,Bulldog plays with stuffed toy on couch
vs_1476,"Child falls down stairs, waits for help."
vs_1477,Pickup truck drifts in snowy parking lot
vs_1478,Fineview Shooting Victim Killed on Father's Day
vs_1479,Bottled beverage production line in operation
vs_1480,Teen charged in deadly Ripley County crash
vs_1481,Woman slaps man on TV show
vs_1482,Blue car performs drifts on snowy road at night
vs_1484,Dalmatian wearing life jacket swims and walks
vs_1488,Teenagers band practicing indoors
vs_1489,Car rear-end collision on wet road
vs_149,Surfer dodges shark attack in fake image
vs_1491,Police officers investigate crime scene at night
vs_1494,Peter Griffin sings over Indiana Jones and The Last Crusade
vs_1495,Simple Carrot Apple Juice Recipe
vs_1497,Man sings into band in dimly lit bar
vs_1498,"Jeep stuck on rocky terrain, drivers struggles"
vs_1499,Man in sunglasses waves goodbye outside driveway
vs_150,Pope blesses child amidst crowd
vs_1500,Electric Car Charging Network Expands
vs_1501,My First dunk! Project Vertical Jump Training System
vs_1502,Good neighbor shovels snow for neighbors
vs_1506,Winter 2011/12 Hip Hop Bling Black & Silver Watch Collection
vs_1508,Date Night Wallet Mishap
vs_1509,Man performs front flip in grassy field.
vs_1512,Goat climbs onto Horse rolls over go
vs_1514,Dalmatianers and Kittenss Playfully Interact
vs_1515,Collomix Mixing Tools Demonstration
vs_1516,Athlete throws discus in track and field event
vs_1517,Dancers perform on large screen during concert.
vs_1518,"Motorcycle rider performs wheelie, crashes into barrier"
vs_1519,Romney Pest Control Services Adtract
vs_1522,Boat parade featuring giant Christmas-themed candle float
vs_1523,Race car flips over spinning tire
vs_1525,Driver in helmet drives car at night on highway
vs_1526,Adjusting bicycle brake cables with tools
vs_1528,Small plane takes off from dirt runway under bright sun.
vs_1529,People push cars stuck in snow at night
vs_153,Models backstage and on stage at Victoria's Secret Fashion Show
vs_1532,Mechanic demonstrates motorcycle tire inspection
vs_1538,LEGO City Dump Truck Review
vs_1543,"Bacon ball race concludes with ""Power of Bacon"" winning."
vs_1544,Jeep races through muddy forest track
vs_1547,Believe Tire Store Manager Explains Tire Maintenance
vs_1550,Motorcycle rider speeds past race cars on track
vs_1553,14-Year-Old Flips Car on I-44
vs_1555,Spider-Man: Andrew Garfield and Emma Stone cast list reveal
vs_1557,A New Launch Vehicle for the Pett Level Rescue Boat
vs_1558,Hammer Heads Part III: Blood Brothers
vs_1559,Clean It Up! Linoleum Floor Cleaning Demonstration
vs_156,Man drives ATV through muddy field with friend following behind
vs_1560,Liori Diamonds New York Showcase Engagement Ring
vs_1564,Woman demonstrates belly dance moves in studio.
vs_1566,Red Bull X Fighters Championship in Madrid
vs_1567,Shafran Construction Advertisement
vs_1568,Unboxing colorful pens from package
vs_1569,"Cat climbs tree, escapes danger"
vs_157,Crazy Kingston Rides Rocking Horse
vs_1570,Alien dance crew performs in vibrant urban settings
vs_1572,Inspecting floor flatness with a 2-meter straight edge
vs_1574,Mud Bog Race Car Gets Stuck
vs_1576,Rollerers derby players kneel during national anthem
vs_1579,Automated Side Wall Cleaning Design Study
vs_1580,Tandem Bike Fun for Families
vs_1584,Woman Uses Baby Stroller to Hide Stolen Clothes
vs_1588,Yellow school bus crashes into airplane on runway
vs_1589,Whale breaching near rocks
vs_159,Woman falls from high altitude in parachute
vs_1592,Workers operate large machinery outdoors.
vs_1599,Man in wheelchair struggles to descend porch steps.
vs_160,"Toddler sings ""Happy Birthday"" to Mike."
vs_1604,How Danny Agnew Teaches Styling Denim Jacket and Pants
vs_163,Lawn mower race elimination round
vs_167,Unboxing and Assembly of Easy Lift Bike Rack
vs_168,Helicopter flies over cloudy sky
vs_16993,Home Pros Group Repair Tankless Water Heaters in GTA
vs_170,Skateboarderser fails in urban setting
vs_171,Child sleeps on couch while family watches
vs_173,Bear chashes camera in forest
vs_177,Woman discusses son's eighth birthday party plans.
vs_180,Chinese Wealth Migration to Overseas Accounts
vs_18001,New Balance Women's Momentum Running Short Sleeve
vs_18003,Basketball player makes impressive shot into hoop
vs_18009,Display of of various handbags in store
vs_18010,Athletes compete in track event
vs_18012,Fat man dances in black bodysuit promoting webcam modeling
vs_18014,1998 Jeep Grand Cherokee for Sale
vs_18018,Interior Design Showcase: Modern Living Spaces
vs_18019,Motorcycle rider crashes into tree branch
vs_1802,Skateboarderer flips over over green chair
vs_18023,Domination on Havana: Victory Celebration
vs_18024,Installing a chimney system with gravel and metal cage
vs_18026,Man digs hole for tree planting
vs_18027,Boeing 767 lands safely without landing gear
vs_18030,Police make arrest in hate crime
vs_18033,Drag race cars compete on track at night.
vs_18035,Robot vacuum cleaner cleaning stone patio
vs_18036,Boat speeds across calm waters near distant town
vs_18038,BeyoncÃ Slapped by Fan During Copenhagen Concert
vs_18041,Man sings into microphone in room
vs_18044,"President Obama meets students from ""Waiting for Superman"" at the White House."
vs_18048,Cat in shark costume chases duck on robotic vacuum
vs_18049,Yellow car flips over crowd cheers
vs_1805,Man jumps onto train tracks near on train
vs_18050,Hire The Miracle Band for a Fantastic Party!
vs_18051,Blue object moves across tiled floor
vs_18053,Jeep drives through muddy forest trail
vs_18057,Man walks dog on leash in suburban neighborhood.
vs_18058,Football game on TV screen with players celebrating touchdown
vs_18059,Character runs across through magical portal in video game.
vs_18062,Woman changes tire on roadside
vs_18064,"Man climbs wooden ramp in park, jumps off children watch"
vs_18067,Spacify Furniture Showcase
vs_1807,Motorcycle stunt performance draws crowd
vs_18071,Motorcycle crashes into parked car
vs_18073,"Woman sings ""Happy Birthday"" repeatedly"
vs_18076,"BBC London Weather Forecast: Warm, Sunny Summer Ahead"
vs_1808,Martin Appliance Family Reviews
vs_18080,Save money with dish soap and shampoo mix
vs_18081,Dog cuddles cat on bed
vs_18083,Abandoned babies given to childless couples on Pakistani TV show
vs_18084,Call 714.336-5184 for Pool Heaven's Service
vs_18087,Car with bright headlights drives slowly at night.
vs_1809,Snowboarder performs small straight air trick
vs_18091,Removing the Shipping Bolts for Proper Front Loading Washer Installation
vs_18092,Helicopter drops water water bucket over forest fire
vs_18094,The video shows a dog being groomed
vs_18097,Clean engine with degreaser and protect with shine
vs_181,Concrete cuttingting machine in operation on construction site
vs_18101,Roasted Chicken Dinner with Potatoes and Vegetables
vs_18105,"Twin toddlers dance to ""Gangnam Style"
vs_1811,Finally reached the summit of Glacier Pass.
vs_18110,Dragon boat team practicing paddle technique
vs_18117,Take Action by Calling Your Local Roofing Experts Today!
vs_18118,CCMC Man Child Push Up Challenge
vs_18121,Child swims upside down in pool.
vs_18122,Dog chatches and carriess large ball
vs_18123,Mud Bog Race Competition
vs_18124,Baseball player dives into catch ball near ball girl retrieves it
vs_18126,"Woman run over, driver leaves scene"
vs_18130,Child plays with homemade fan costume.
vs_18131,Woman plays with dogs on driveway
vs_18134,Vince GisSPy discusses carpet stretching services.
vs_18135,Tire tire safety tips: Check tread depth and pressure
vs_18137,Determine the best pet food for maximum canine kidney health
vs_18138,Puppy Chases Camera and Plays
vs_18139,Magic Mike turns $1 into $100
vs_1814,"Woman rides horse through forest and river, then crosses muddy path."
vs_18140,Chick-fil-A Bowl: Johnny Football's Last Hurrah
vs_18142,HydroTrim Competitive Comparison: Peel Test
vs_18143,Toddler plays with water hose and toys outside sunny day.
vs_18144,Man discusses dog training with bell in Miami
vs_18146,Brickk holds down bottom conduit with hose clamp
vs_18152,Player uses glitch to bypass door
vs_18155,Mom faces more charges in 1st degree murder case
vs_18156,America's Cutest Dog Show: Number Five Winner Revealed
vs_18157,BMX rider performs complex tricks in Touchgrind game.
vs_18159,Man plays guitar while others watch
vs_1816,"Ghost heard screams from room, John calls police"
vs_18160,Police officer issues parking ticket to driver
vs_18163,USA Women's 4200m Freestyle Wins Gold
vs_18166,Red hydroplane crashes into dock during race
vs_18167,Will Smith slaps Ukrainian TV reporter
vs_18168,"Man drives car through heavy snow, slips, falls into ground"
vs_18170,"Black car drives recklessly on winding road, narrowly avoiding collision."
vs_18173,Dodgerss player celebrates home run with fans
vs_18178,Boy dances in kitchen while others watch
vs_1818,Baby in fairy costume dances and plays
vs_18181,Woman gives birth to 13-pound baby in China
vs_18189,Ticket held up in front of race track
vs_1819,Crowd dances under vibrant green lights at concert
vs_18191,Dancer performs acrobatic moves in studio
vs_18197,Daddy brushing child's hair
vs_18198,Medical Journals Show Plan My Baby Increases Chances of Having Your Dream Baby
vs_18199,Breaking the bead using 2x6 and steel foot
vs_182,Draw a circle using three methods
vs_18200,Sewing Pillow Insert with Expert Tips
vs_18201,Cat interacts with spinning plate in dimly lit room
vs_18204,Train approaches subway platform unexpectedly
vs_18207,"Motorcycle crashes into burning car, bystandersers flee"
vs_18213,Child plays with toy train set on glass table
vs_18216,Old bomb discovered in forest
vs_18217,"Anno Domini Beats ""By Any Means Necessary"
vs_1822,Radio station car drives under bridge with traffic.
vs_18220,"Two dogs graze on the grass, curious about the rye."
vs_18225,Royal baby born: Duchess of Cambridge delivers boy in London
vs_18227,Motorcycle Chase Ends in Crash
vs_18229,Cleaning Wheels and Tires Maintenance with Mothers Products
vs_1823,Man performs exercise on inclined bench with assistance
vs_18236,Child plays with tennis ball near sidewalk next to parked cars.
vs_18237,Crispy Inside-Out Grilled Cheese
vs_18239,Man falls repeatedly while sledding down snowy hill
vs_18240,"Man jumps into large in puddle, gets splashed"
vs_18248,Puppy being chewed toy in dim light
vs_18249,Top 10 Do's and don't's for Princess Party Planning
vs_1825,Chris Palmer demonstrates installing bench dogs for woodworking projects.
vs_18257,"Boy opens washing machine door with string, puppy watches."
vs_18260,Dog runs down street as garbage truck passes by
vs_18261,Top 7 Tips for Homemade Dog Food Preparation
vs_18263,World's Thinnest Folding Wagons
vs_18264,Poodle puppy plays with ball in garden
vs_18265,Cat and puppy playfully interact on bed
vs_18271,Man polishes bicycles under umbrella.
vs_18273,Toddler dances and falls in bedroom
vs_18274,Tennis star lobbed ball at crying baby during match
vs_18277,Dogs play fetch in swimming pool with owner.
vs_18278,"Fan hits home run, crowd erupts"
vs_18279,Water flows through narrow rocky channel towards ocean
vs_18280,Man lifts dog at NYSE EURonEx
vs_18285,Monkeys shares banana with baby monkey
vs_18286,Woman eats while video chat shows animals.
vs_18290,Air Marshal Arrested for Taking Upskirt Photos
vs_18293,Truck overturned on highway at night
vs_18294,Car flips over busy city street
vs_18295,Army Band Performs at Rashtrapati Bhavan
vs_18296,Crafting Table Creation in Minecraft
vs_18299,Danny McCaskskill rides BMX over giant toys in warehouse
vs_1830,Police searching for suspect who tried to lure 14-year-old girl
vs_18300,Basketball player dribbles and shoots in gym.
vs_18302,White House Dog Bow Celebrates Christmas
vs_18305,Race car tire change in pit stop
vs_18308,Dog chreases on swing set while people watch
vs_18311,Elephant parade with children in traditional attire performing
vs_18313,"Dachshund rolls around on floor, then"
vs_18316,Baby interacts with Boxer dog on floor
vs_1832,Man dances in front of colorful mural wall
vs_18323,High School Dating Advice: How to Flirt with Guys
vs_18332,Dog uses on Urban potty for apartment potty training
vs_18333,Fat Man Rides Motorcycle at Night
vs_18334,Comedian performs on stage with microphone
vs_18339,The Car Stunt Show Footage
vs_1834,Modified Push-Up with Leg Raise
vs_18340,Skateboarder jumps off wall in urban setting
vs_18342,"Motorcycle rider navigatesates steep trail, crashes into tree, riders assess damage"
vs_18343,Hunter shoots deer while it approaches
vs_18344,Airplane crash site revealed
vs_1835,Two men repairers discuss
vs_18350,Boy Killed After Hit by Pickup Truck
vs_18353,Skateboarders perform tricks in graffiti-covered tunnel
vs_18357,Jeep navigates through forest trail obstacle
vs_18358,Nandhu Celebrates Birthday
vs_18359,Diver jumps into water from pier platform
vs_18360,Boy dances and jumps in kitchen
vs_18361,Woman dances barefoot on woven mat in rice field
vs_18362,Teachinging dog to stay close to jump for agility
vs_18363,Dog chases ball in living room
vs_18365,Pipers and drummers parade through town.
vs_1837,Loading screen on tablet device
vs_18370,Motorcycle rider narrowly escapes explosion on road
vs_18371,Monster truck crashes into cliff edge
vs_18372,Monster attacks police officers in street
vs_18373,Garry Dean's Introduction to Four Star Products
vs_18375,Sea Lion Pup Rescued Back in Ocean
vs_18377,Furrykids Running and Chasing After Each Other
vs_18378,Child rides dirt bike through snowy field
vs_18379,Dolphin swimming in calm water
vs_18380,Greg Howe Inspects Home for Subterranean Termites
vs_18383,Corgi dog plays fetch with toy ball
vs_18385,"Toddler finishes eating with spoon, mother watches."
vs_18386,Gun Found in Snowbank
vs_18387,Dog chases another dog into frozen pond
vs_18389,Traffic jam on snowy highway at night
vs_18390,Dachshund puppy takes playful bath in bathtub
vs_18393,Bulldog puppy takes unexpected bath in kitchen sink
vs_18396,Boy jumps high on trampoline in backyard
vs_18398,Dog Learns to Swim in Indoor Pool
vs_18399,Pouring cleaning solution into sink
vs_184,Florida Man Eatsats
vs_1840,Card Tricks Demonstration by Expert Village
vs_18400,Pickup trucks race on dirt track at night
vs_18401,Truck hits car on highway
vs_18405,Police chase suspect through crowded city streets
vs_18407,Boy gets hit by green ball in yard
vs_18409,Man discusses intricate metalwork design
vs_1841,Time Lapse of Patio Decking Construction
vs_18413,Dog plays with water faucet in bathtub
vs_18415,Painting Contractor Services Ad
vs_18418,Deadly Shooting at 27th & Grand
vs_1842,"Dog playsfully interacts with owner, performing"
vs_18420,Dre Baldwin introduces himself in his living room
vs_18423,Family Celebrates Birthday with Cake and Candles
vs_18424,"Biker rides on ice, crashes into ramp"
vs_18426,"Puppy plays with toy, chags shoe, and chags person."
vs_18430,Building the 2013 Gingerbread White House
vs_18433,Winter Driving Tips: Staying Safe in Snowstorms
vs_18438,Bottled beverage production line demonstration
vs_1844,Women walk dogs along paved path in park.
vs_18446,"Quarterback evades defenders, scores touchdown"
vs_18447,Firefighters respond to house fire with small arms ammunition issue
vs_18449,Major World: 2011 Jeep Wrangler Unlimited for Sale
vs_18450,Pottery Barn Kids Nursery Essentials: Crib Conversion Kits
vs_18454,Mechanic adjusts engine component
vs_18455,Boy hits Donald Driver's cleat into fan
vs_18457,SporTrax Youth Snow Bibs Size Medium
vs_18460,"Man walks up trail, stops to look at view."
vs_18463,Person operates machine sealing bottles
vs_18466,Orange-claded fans celebrate parade
vs_18467,"Woman showcases ""Good Dog"" cookie tin."
vs_18469,Veterinarian discusses cat litter box training with pet owner
vs_1847,Skateboarderer falls off railing
vs_18471,Woman locked in car calls 911 for help
vs_18474,The Pull Up Push Up Challenge: Bodyweight Edition
vs_18475,"Man performs martial arts moves, crowd watches"
vs_18476,Pottery Barn Kids Cameron Storage Bed Demonstration
vs_18479,Man operates water-powered wheel outside
vs_1848,Woman showcases Volkswagen hubcap in warehouse
vs_18480,"Fireworks ignite, crowd cheers at stage."
vs_18481,Swimmer breaks world record in pool race
vs_18484,"Tiger Woods hits ""Mashed Potatoes"" into the green."
vs_18485,Man showcases engineered wood flooring options in store.
vs_18488,Father teaches daughter to swim with goggles.
vs_18489,Two dogs playfully wrestle on grassy lawn
vs_1849,Woman demonstrates stain removal technique on jeans in laundry room.
vs_18492,Dogs playfully chase each other near car tire
vs_18494,Man throws bottle at wall game
vs_18499,Making White chocolate caramel latte in kitchen
vs_185,Baseball game on TV with Victor Martinez at
vs_18500,"Tropical Smoothie Cafe's ""Caring for Kids"" Campaign Benefits Boys & Girls Clubs"
vs_18502,"Weather forecast for tonight: snow, mostly cloudy"
vs_18503,Professional Carpet Cleaning Services in Orange County
vs_18506,Two people drive white pickup truck on dirt road
vs_1851,Dog plays fetch with frisis
vs_18512,Pottery Barn Kids Crib Features Crown Molding and Safety Rails
vs_18513,Cheap Engagement Rings Pave Setting Up to 70% Discount
vs_18517,French Bulldog plays peek-a-boo with owner
vs_18523,Man showcases gold and black beaded bracelet in red box.
vs_18524,BMX Spine to shed roof gap
vs_18525,"Car accident kills mother, injures children on I-385"
vs_18526,"Pickup truck drives through flooded road, struggles to recover."
vs_18530,"Pickup truck climbs steep rocky hill, dust rises"
vs_18531,Football player scores touchdown during game
vs_18532,Cat explores room corner near guitar
vs_18538,Soccer match resumes after rain delay
vs_18540,Cat meows and looks out window
vs_18542,Laser cleaning process with TruMicro 7050
vs_18543,Woman digs in garden with shovel
vs_18544,Girl jumps through doorway into floor
vs_18546,Men fight in living room
vs_18547,Automobile towinging boat on highway
vs_18548,Child wearing snorkel gear watches water near parent holds GuidId
vs_18550,"Teen jumps onto car, gets hit by tire"
vs_18553,"Man runs past backpack, jumps over it, celebrates."
vs_18554,"ATS monitors traffic flow at Palm Coast, FL"
vs_18556,Surprise reunion: Soldier disguised as Santa surprises mother
vs_18557,Carriage driver injured in hit-and-run in Milwaukee
vs_18558,Automated Tire Inspection in 2.5 Minutes
vs_18560,Police-Involved Shooting Victim Dies
vs_18562,Snow-covered train speeds through snowy station platform
vs_18563,Man attacks dog in field near camera
vs_18564,Budget Wrench A Part: Cash for Your Junk Car
vs_18566,Man shaving face with electric razor
vs_18567,Installing 2008-2013 Accord Lower Panel Kit
vs_18568,Skateboarderer jumps off bench fails
vs_18571,Boneses Found in Tampa Are Human
vs_18573,Cat plays inside red tube toy
vs_18574,Alien Bombing in Extinction Mode: Alien Attack!
vs_18575,Marcelissen Drum Washer Processing Root Beets
vs_18576,Two cats fight over food water bowl
vs_18578,Bottling process with red caps on conveyor belt
vs_18581,Replacing the rubber foot on a dryer
vs_18582,Clean sweep Traders Pakistan
vs_18584,Paddy-O-Deck offers customized decks work since 30 years of experience.
vs_18585,Bounce House House Rentals Ad: Clean and Disinfected
vs_18590,Man uses pressure washer on patio
vs_18592,Sheriff Investigates Child 5-Year-Old Knife Attack
vs_18593,Magician transforms paper into real money.
vs_18594,Boy killed riding bike in Clyde
vs_18595,Hydraulic cuttingting machine operation
vs_18596,iPad Mini Displays Stripeding Error
vs_18597,Woman talks about her kids playingtime and plans for the day.
vs_18598,Two dogs playfully fight on floor
vs_18599,Two Siamese kittens playfully fight on carpet
vs_186,Foundation Repair: Signs Your Home Needs Attention
vs_18601,Pug puppy plays tug-of-war with toy
vs_18602,Yellow car flips upside down during stunt performance
vs_18604,Admiral Washing Machine Makes Loud Noise After Drive Belt Replaceded
vs_18605,Robot climbs snowy mountain using snow falls
vs_18606,Man discusses police brutality incident
vs_18607,Balloon bursts captures water water
vs_18609,Man and woman pose for camera in GoPro store
vs_1861,Dog gets fitted with brace for car ride.
vs_18610,Bottling machine seals bottles with caps
vs_18614,Pickup truck struggles to pull semi-trailer through icy parking lot
vs_18617,"The Pet Set Long Beach, CA "
vs_18618,Driftersers in parking lot at night
vs_1862,Man makes coffee with holes-poked
vs_18624,"Crystal Case Dog Leash, Waste Dispenser, and Bowl Combo Pack"
vs_18625,Child pretending to iron clothes
vs_18627,Boy plays fetch with dog in park.
vs_18628,Man carries injured person through forest path
vs_1863,Race car driver celebrates victory with cheering crowd
vs_18630,Biker performs daring jump over crashes into ground
vs_18631,How Changing dishwasher link for spring replacement
vs_18634,Jeep climbs steep dirt hill amid crowd
vs_18635,Jeep race on sand dunes
vs_18638,"Sheriff Grady Judd discusses Lake Wales, Florida crime case involving Beth Dickison Richards"
vs_18639,All Clean Carpet Cleaning Services
vs_18644,Cat Finds Comfortable Spot in Baby Stroller
vs_18646,Man jumps onto boat from dock
vs_18647,Woman cleans glass shower doors with lemon juice and scrub brush.
vs_18648,Camels block traffic on desert highway
vs_1865,Make Your Own Mini Top Hats
vs_18651,"Man swims in icy lake, emerges unharmed"
vs_18652,Duck family escorted to ditch by traffic officer
vs_18653,Titan Pro Knee/Shin Guard
vs_18659,Man discusses washer and dryer maintenance in laundry room.
vs_18660,Little Man Puts Out The Light
vs_18662,Family stuck in chimney during snowstorm
vs_18663,The 2006 Honda Odyssey
vs_18664,Rabbit eats banana in wooden enclosure
vs_18665,Crowd cheers as performers dance on beach boardwalk
vs_18673,Very Special Delivery: Four Identicalical Twins Born on Same Day
vs_18675,"Woman rides bike while recording video, smiling and speaking to camera."
vs_18676,"Best Bike Brands: BMC, Bianchi, Focus"
vs_18677,Biker rides through underground parking lot at night.
vs_18678,Whale Kills Trainer at SeaWorld
vs_1868,Child falls off ramp while attempting bike trick
vs_18681,Man with orange hair talks to woman on city sidewalk
vs_18684,"Child swings high, falls, rolls on playground"
vs_18685,Get It Done House Buyers: Sell Your House Fast
vs_18686,Woman discusses birds in pet store
vs_18687,Dog chases toy across
vs_18688,Man in banana costume dances on street
vs_18693,Golf Course Shooting in Blue Island
vs_18697,"Man in red shirt runs across street, gets hit by car"
vs_18699,Greg Presto compares fast food burgers calories in his car.
vs_18707,Cap Levitation DVD & Kit
vs_18708,Bear Scooter climbs and plays in enclosure.
vs_18709,"Child eats ice cream, gets blue face messy"
vs_18711,Epoxy Mixer Demonstration for Rod Building
vs_18712,Baby Silverleaf Langur Feedinging at San Diego Zoo
vs_18713,Man plays guitar outside car drives past
vs_18719,Skateboarder jumps off wall outside house
vs_1872,"Yellow sports car speeds through town, crashes into police car"
vs_18721,Mother Farm Aden Riding Horse Golden Week 2013
vs_18722,John Madden Baseball Training in Batting Cage
vs_18724,Ghost-themed parade with cyclists and spectators at night.
vs_18727,Anti-Slip Treatment for Public Spaces
vs_1873,DeLonghi coffee machine demonstration at exhibition
vs_18730,Delroy Simmonds Saves Baby from Subway Tracks
vs_18733,Chef Herman prepares a flat roll-ups sandwich
vs_1874,Red pickup truck climbs steep snowy hillside
vs_18741,Neon Pink Patent Leather Flat Shoe
vs_18742,Diamond Cross Pendants Showcase
vs_18743,Hatchinging Baby Chicks and Ducks in Brooder
vs_18745,"Car drives through wet parking lot, skids, and exits."
vs_18746,Teen throws discus at track meet
vs_18750,Puppy plays with pinecone in grass
vs_18753,Piniata party fun with family and friends!
vs_18755,Two young kids die in massive house fire
vs_18756,"Dirt bike rider speeds through turn, kicks up dust."
vs_18757,Man speaks directly to camera with phone number displayed
vs_18758,Women discuss fashion in a studio setting
vs_18761,Sanbi Automatic Two Lines Garbage Bag Making Machine Demonstration
vs_18763,Kids play on inflatable water slide in backyard
vs_18765,"Race cars collide mid-turn, creating chaos"
vs_18767,14k Solid Yellow Gold Personalized Name Necklace with Diamond
vs_1877,Dyson Ball DC24 Filters Replacement Guide
vs_18771,Dog Food Secrets: Recipes for Healthy Dogs
vs_18772,Royal baby is born
vs_18773,Party Floor Hits!! Perfect Best DJ Mix Edition
vs_18775,Man demonstrates ammunition handling at table setup.
vs_18776,Man attacks another inside elevator
vs_18778,Train carrying Corn Products crosses bridge
vs_18783,Toddler drives toy car indoors
vs_18785,Young basketball players play game
vs_18789,Dog chases white feather toy in backyard
vs_1879,Child plays with stuffed animals while filling them body with stuffing.
vs_18791,Pitbulls Successfully Sit in Training Session
vs_18792,Cat drinks coffee from machine
vs_18794,Petting My Sweet Cat!
vs_18795,Children excitedly opening Christmas presents near new puppy
vs_18796,Stainless Steel Coffee Mug Review
vs_18797,The Building of a Rat Rod Bike 2011
vs_1880,0.50 Carat Princess Cluster Diamond Engagement Ring 10k White Gold
vs_18800,Mountain bikers race through forest trail
vs_18803,Man falls from hammock in dorm room
vs_18805,Man jumps over fence into avoid burning building
vs_18806,Singer 20u Sewing Machine Repair Guide
vs_18808,Snow clearing at Sylvan Beach Bath House on 03002012
vs_18809,Showcasing Unique Bracelet Designs
vs_1881,Rock Climbering Safety Tips: Proper Foot Placement and Gear Use
vs_18816,Nik Wallenda completes historic Grand Canyon tightrope walk
vs_18820,Adrian Morrison: Making Money Online with Social Media
vs_18821,Hip Hop Bling Cross Pendant Display
vs_18822,Woman laughs while dog sits on her lap
vs_18824,Man hits golf ball into ceiling
vs_18829,"Man runs down street, throws object at fence"
vs_1883,Skateboarderer
vs_18830,Jeep being up steep sand dune with winch assistance
vs_18832,"Man walks across street in rain, ignoring traffic"
vs_18833,JBC Spring Summer Collection
vs_18835,Crocodile bathes water game level complete
vs_18836,Man swims underwater in pool at night.
vs_1884,Man performs squat jump test in lab
vs_18842,People leave theater during movie
vs_18844,Getting cheap car insurance: Compare multiple company quotes
vs_18847,Athlete performs long jump at crowd cheers
vs_18848,AutoSock: Enhances Friction on Snow and Ice
vs_18851,Driver narrowly avoids collision with stationary car on highway
vs_18856,Sherlock Holmes: The End
vs_18857,Puppy Chases Blue Cylinder
vs_1886,Two toddlers playfully wrestle on floor
vs_18862,Customize Products for Unique Sales Appeal
vs_18863,Siberian Husky puppy sleeps on antique fan
vs_18864,"Player eliminates enemy, wins round."
vs_18865,Woman applies makeup to man's face while others watch
vs_18868,Van drives away from parked position
vs_18869,Strongman contest with wheel lifting
vs_18872,Baby House Martin Found Drowninging and Rescued
vs_18873,Dave Erickson on Assignment: Ironman 70.3 World Championship
vs_18874,Man hits garbage truck with hammer
vs_18875,Black Leather Jacket Details Showcase
vs_18878,Puppy plays fiercely with toy on hardwood floor
vs_18879,Girl blows out candles on birthday cake outdoors
vs_1888,Woman set on fire in convenience store
vs_18880,Jeep stuck in mud
vs_18881,"Car flips over on rural road, driver rescued"
vs_18883,Man examines washing machine from inside drum
vs_18886,Creating Angel Ornaments for Christmas Tree
vs_18887,Jeep drives through muddy forest road
vs_18888,Where's My Water? Sink Or Swim Level 4-16
vs_18892,Dancers perform under colorful laser lights at night.
vs_18893,Man pranked with cake thrown at face
vs_18895,Biplane crashes into flames during stunt
vs_18899,Factory workers inspecting bottles on conveyor belt
vs_1890,Sewing machine needle stitching fabric close-up
vs_18902,Athlete pushed into track by officials
vs_18910,Cat playfully interacts with dog in cozy bed
vs_18912,Skateboarderer Skateboarder
vs_18915,Cat hides under swing set while baby swings nearby
vs_18917,Students Invent Spider-Man Suit for Climbing Walls
vs_18918,Factory Price Bags Offered
vs_18919,Baby Leaf Monkey Fed by Keeperser Taronga Zoo
vs_18921,ATV rider performs drifts and burnouts on highway
vs_18922,Woman plays with dog in backyard at night
vs_18924,Woman talks while walking outdoors in jacket.
vs_18926,Golden Retrieverer Performs Tricks at Show
vs_18927,Puppies playfully fight over plastic bottle
vs_1893,Soldiers directs traffic during snowstorm cleanup
vs_18932,"Man jumps off cliff into water water, crowd watches"
vs_18935,Jeep drives through flooded forest road
vs_18937,Halloween Pack Trick Bike Racing
vs_1894,Attack Dogs inbound: Headshots and domination in action
vs_18940,BMX Rider Demonstratess Pulling Off Trick
vs_18943,Teen hit by SUV in crowded parking lot
vs_18945,Runner s jumps hurdles during indoor track meet.
vs_18946,Drilling into open toothpaste tube
vs_18948,Building Crane Simulation Game Walkthrough
vs_18949,"SBT Rubber Products Co., LTD VisiFly Demo Version"
vs_1895,Child drives toy car pulling toy ATV down street.
vs_18951,Goat Man Causes Chaos at Eating Time
vs_18952,Man takes photo of friend vomiting in bathroom stall
vs_18953,Giraffe drinks water palm tree bends down water
vs_18954,TV host gives away babies as prizes on TV in Pakistan
vs_18955,Cat and dog share meal together
vs_18957,Cat reacts to smelly socks on bed
vs_1896,Iron Man 3 premiere 
vs_18961,Baby making funny faces while sitting
vs_18963,Man feeds group of dogs outside leash
vs_18964,"Man stops car, police arrive, suspect flees"
vs_18968,Man hits mailbox with baseball bat
vs_18969,Pregnant woman sitting and holding belly
vs_1897,Children play on trampololes in indoor park.
vs_18972,Baby eats cake while holding toy
vs_18973,Passenger attacks driver on bus
vs_18976,"Man in green ""SK8"" shirt speaks in shoe store"
vs_18978,Hot Water Heaters: How to Clean a Tankless Hot Water Heater
vs_18979,Chinese swimmer breaks world 50m freestyle record
vs_1898,Woman rides bicycle past crowd in park
vs_18981,Cleaning and repairing a built-in grill for OCI 20016.
vs_18983,Woman Demonstratess Advanced Jump Rope Techniques
vs_18991,Cow Sucked Up by UFO
vs_18995,Robbery suspect enters store and robs cash register
vs_18996,MyPartsRewards.com offers factory parts
vs_18997,Train stops to avoid child in pram on track
vs_1900,Child falls off bike jump in park
vs_19001,Woman in pink headband stands outside man in sunglasses outside street corner
vs_19002,"Comedy Caravan Louisville, KY: Divinity Rose Performance"
vs_19006,Fix My Cabinet Professional Tips
vs_19007,Man in black coat walks towards camera
vs_19010,Child drives toy car down driveway
vs_19011,Dog chats fence in backyard
vs_19016,Man in purple wig takes selfie with basketball player.
vs_19017,Police rescue over dogs from transport
vs_19020,Police use tear gas against protesters in Cambodia.
vs_19022,Woman receives small black dog from person
vs_19024,Two dogs playfully fight in grassy yard
vs_19025,Mechanic rotates car tires for balanced wear.
vs_19027,Karate students practicing sparring in gym.
vs_19028,Black cat climbs tree near leaves roof
vs_19029,Woman discusses dog food alternatives on video
vs_19031,Woman discusses pet attack by pit bulls
vs_19032,"Motorcyclist rides through forest trail, navigates"
vs_19037,Windshield wipers clear insects from view
vs_19038,Red Rock Racers Practice Begins at Dawn
vs_19040,The Magic of Making Up: Get Your Ex Back
vs_19042,Car drives past fast-food restaurants in rain.
vs_19043,Jeep crossing river successfully
vs_19044,Cold Steel Special Forces Shovel Demonstration
vs_19045,Grand Jury Indicts Shayna Huberers for Shooting Boyfriend
vs_19048,Boy eats lemon and drinks soda with straw
vs_19049,Boy performs backflip on trampoline in gym
vs_19050,Drywall Repair Process Demonstration
vs_19051,Track meet begins with athletes running 4
vs_19053,Dog wearing patterned sweater walks on leash down sidewalk.
vs_19055,EastVan Pillow Fight Club Event
vs_19056,Monster Truck with Giant Tires Displayed
vs_19057,Pro Garage Door Service Emergency Service Alignment Proper Spring tension Opener Maintenance Warranty Pearl Marketing Strategies
vs_19059,"Garage Door Repair Argyle, TX"
vs_19061,Dirt track race with multiple cars competing
vs_19062,Man climbs onto roof during storm
vs_19063,Girl reacts to surprising content on TV.
vs_19067,Train departsing from station platform
vs_19071,Two children ride miniature train along scenic railway track.
vs_19072,Home Comfort Tips: Outdoor Unit Maintenance and UV Light Consideration
vs_19073,LED lights display different colors in a row
vs_19077,Man throws object at dog in yard
vs_1908,Ice Cream Maker Driven by Vintage Engine on Warm Summer Day
vs_19083,Showcasing Sparkling Diamond Bracelet
vs_19085,Woman saves neighbors during apartment fire
vs_19088,Michael Schumacher Hospitalized After Ski
vs_19089,Jeep navigates through icy creek
vs_1909,Man pulls fishing rod out of water
vs_19090,Homeless person sleeping among personal belongings
vs_19091,Hunter criticizes tree stand stand design issues
vs_19092,Dry Cleaning Tips & Facts You Should Know
vs_19093,Mixing Pan Used for Quick Drywall Mud Application
vs_19094,SanDisk 4GB USB Drive
vs_19095,"Man dances in street, then car passes by"
vs_19097,Traffic jam on narrow mountain road
vs_19098,Car stuck in mud bog during offwarz event
vs_19102,"Man drives ATV through forest, crashes into tree"
vs_19104,Biker rides wheelie into cops car
vs_19106,Crowd surfs onto stage during concert
vs_19112,"Motorcycle fire, car accident, emergency responders rescue victim"
vs_19114,Kids play basketball with soccer ball in driveway
vs_19116,My Little Pony: Create a Magical Ponyville
vs_19117,James introduces Welcome Home engineered wood flooring.
vs_19119,Party Bus Death: 11-Year-Old Victim Identified
vs_1912,Puppies playfully wrestle over plush toy
vs_19121,Tile Cleanersers: Gold Coast's Leading Tile Care Specialists
vs_19122,Man jumps off cliff into river
vs_19123,Man performs fire trick in studio setting
vs_1913,RamJack Foundation Repair Experts Evaluation
vs_19130,"Elephant Polo Mercedes Benz Team Elephant Falls and Hurts Herself, a Bad Accident!"
vs_19132,Red pickup truck flips over dirt track
vs_19134,Baby bat being held gently
vs_19136,Prince William leaves RAF to focus on family and conservation
vs_19138,Boy dances in living room
vs_19139,Marching band forms formation on football field
vs_19143,Adding coolant to a a car battery.
vs_19147,Woman showcases hubcaps in warehouse
vs_19149,"Man climbs stone wall, dog follows"
vs_19150,"Car drives through intersection, nearly hits pedestrian crossing"
vs_19154,Man pours green liquid into mix container
vs_19158,"Girl, 6, Attacked By Pit Bull in Baltimore"
vs_1916,Man falls through ice while skating
vs_19161,Car drives through red light traffic jam
vs_19163,Birthday celebration with cake and candles
vs_19169,Athletes sprint across track during race
vs_1917,Skateboarder fails spectacularly Nitro Circus stunt
vs_19171,"Man drives ATV through snow, crashes into tree"
vs_19175,"Deep Cleaning and Repairing a 30"" Fresco Grill"
vs_19176,Fixing windshield washer pump connection issue
vs_19177,Biker struggles with trick attempt on suburban street
vs_19178,Woman discusses tips for making a a good first impression on the phone.
vs_1918,Sam Horn Discusses Pop: Innovative Idea Delivery
vs_19180,Community: Ratings Season One
vs_19182,Boat passengers enjoy sunny ride on water
vs_19183,"Bicycle rider pulls another off bike, causing collision"
vs_19186,Man with shopping bags hails passing-by vehicle for help
vs_19188,Puppies playfully fight over toy in crib
vs_19191,Children blow out candles on birthday cake
vs_19195,Snowmobile rider performs jump over snowbank
vs_19198,Motorcycle rider crashes into dirt track
vs_19199,"Charlotte Roofing Master Offers Fast, Free Estimates for Roof Repairs"
vs_19201,The Installation of an Outdoor Kitchen Featuring Pinnacle Thin Stone Veneers
vs_19202,Boy shoots clay pigeon in backyard
vs_19203,Fisher-Price Power Wheels Dune Racer Pink Ride-On Toy Review
vs_19205,"Baseball player hits home run, fans celebrate"
vs_19208,Fashion show models perform on stage.
vs_19212,Five-year-old boy rescued after hanging from building in China
vs_19214,Driver escapes after car crash on Russian highway
vs_19215,Certified Professional Dog Trainer Explains Dog Behavior
vs_19216,Soldier surprises family at football game
vs_19218,News anchors discuss tragic incident involving child death.
vs_19219,Modern Interior Design Showcase in Mumbai
vs_19220,Painted Faces Prepare for Mud Run
vs_19225,Rabbit and guinea pig playfully interact in grassy enclosure
vs_19227,Removing Toyota 4 Runner Climate Control Console
vs_19232,"Boy rides dirt bike, falls off danger."
vs_19233,Children race on ATVs in field
vs_19234,Puppy plays with empty bowl on floor
vs_19235,Teresa Tapp demonstrates butterfly exercise for core strength.
vs_19238,Woman cleans bathroom window with vinegar and sponge
vs_1924,Tow truck lifts police car onto flatbed
vs_19242,Audi crew executes quick pit stop during race.
vs_19243,"Elephant attacks car, flips it over road"
vs_19245,"Man chases woman out of elevator, runs across street, gets hit by car."
vs_19248,Teach Tiny Dogs to Jump Through Hoop
vs_19251,"Peeping Tom"" Caught Inside Walmart: Shawn Dean Faces Voyeurism Charges"
vs_19252,Woman demonstrates DIY wooden hideout for pet rabbits
vs_19256,Drunk Driver Sentenced to 7 Years in Prison
vs_19258,Top 7 Do'ss and don't'ss for puppy potty training
vs_19260,Woman falls while lifting heavy box in storage unit
vs_19261,Royal Guard Changing Ceremony in London
vs_19265,Wave City: Self-Sufficient Urban Design
vs_19267,Girl eats cake while dog jumps onto her face
vs_19269,"Cat climbs into bathtub edge, licks paw"
vs_19271,Man loads horse into trailer
vs_19275,Passing Car Skids Off the Road Making Snow Storm
vs_19276,Woman speaks to reporters about child left in washing machine
vs_19277,Syrian Baby Born in Israeli Hospital
vs_19278,Monkey Balances on Narrow Bridge in Jungle
vs_1928,Woman warns about unsafe hanging curtains for babies
vs_19283,Boxerer plays with smaller dog in fenced area
vs_19290,Woman in car adjusts sunglasses while driving.
vs_19294,Kitten plays inside pink tunnel
vs_19296,How How How Automated Tennis Ball Car Stop for Garage
vs_19298,Police officers clash with protesters during nighttime demonstration.
vs_19299,Camp Zoo Summer Camp Live Interview
vs_1930,Factory workers handle glowing metal in industrial forging process
vs_19300,Family sings along to music in car
vs_19304,Skateboarder trick performed on a box
vs_19308,East Hills Auto Awards: $100 Off Purchase
vs_1931,Man jumps onto train tracks to save child
vs_19310,UFO-like object seen from moving vehicle
vs_19311,Child makes funny face with drawn mouth
vs_19312,Beyeyonc's Fan Hair T Incident During Montreal Concert
vs_19318,FEDISA INTERIOR Design Showcase
vs_19319,Thief steals Christmas presents caught on camera
vs_19320,Drywall repair demonstration using hole in wall
vs_19323,Man plays tug-of-war with dog in backyard
vs_19324,"Motorcycle rider loses control, crashes into barrier"
vs_19325,Dog runs alongside cyclist on rural road
vs_19326,"Little girl rides bike with doll, meets friend"
vs_19327,Woman batheses small black dog in bathtub
vs_19329,"Man jumps onto bench, falls, and runs away."
vs_1933,ATV rider drives through muddy forest track
vs_19330,Pole Dance Tutorial: Twisted Grip Roll Down
vs_19334,Person walks down dirt path at dusk
vs_19336,Baby dances to music on TV
vs_19337,Man climbs through window with ease
vs_19338,Dog finds and retrieves leash in kitchen.
vs_19340,Unusual Leak Source Located in Whirlpool Top Load Washer
vs_19344,Build Your Own Solar Power System & Save Money
vs_19345,OPD Cruiser Struck by Truck on Orange Blossom Trail
vs_19347,Person drops iPhone 5 from high window
vs_1935,Firefighters rescue woman from silts near river bank
vs_19355,Top Rated Coffee Makersers
vs_19361,Baby laughs heartily while playingfully interacting with adult.
vs_19365,Christmas Decorations Donated to Local Woman After Stolen from Home
vs_19369,Woman with yellow umbrella appears as final mystery solver.
vs_19372,"Man exits car on highway, interacts with traffic."
vs_19373,Children play with toy car in driveway
vs_19374,Dog sits atop tuk-tuk seat in market area
vs_19375,"Man lying on couch, dog bites arm, others react"
vs_19376,Jeep navigates steep rocky trail
vs_19378,Get Your Plumbing Problem Fixed ASAP by Calling Local Experts Today!
vs_19379,Children slide down into ball pit excitement
vs_19380,GE Refrigerators Comparison Showcase
vs_19381,Man walks through foggy park with American flag.
vs_19382,Diamond Cross Pendant Displayed
vs_19383,Woman reacts to unexpected news
vs_19389,Mechanic uses bead blaster on tire in repair shop.
vs_1939,"Dog opens fridge, grabs food"
vs_19390,Google X's Project uses helium-filled balloons for internet access.
vs_19391,Two women teach babies swimming in pool.
vs_19392,Blue pickup truck navigates muddy terrain at Back 40 Mud Bog Sept 2013
vs_19393,Clean Sweep Traders Pakistan Equipment Showcase
vs_19395,Cosmetic bottle sealing machine operation demonstration
vs_19397,Panda Cub Playing with Soccer Ball
vs_19399,Ryan Capes jumps 300
vs_19403,Man in redMart store makes funny faces and gestures
vs_19405,"Child climbs refrigerator, plays with toy car"
vs_19407,Whitfield man charged with murder
vs_19408,Red pickup truck pulls smaller vehicle uphill on sand dunes
vs_1941,Woman performs acrobatic pole dance routine
vs_19410,"Child hit by truck, crowd gathers, face blurred"
vs_19413,Skateboarderer
vs_19415,Two kittens playfully chase toy lizard
vs_1942,Monitor lizard climbs tree in forest.
vs_1946,Girl drinks juice through friend's nose
vs_1947,Judge denies effort to halt Cincinnati parking deal
vs_1948,Pomeranian dog wins award at show
vs_195,Fighterers battles multiple opponents in futuristic setting.
vs_1950,Chef stacks plates rapidly in kitchen
vs_1952,"Fireworks explode in night sky, creating dazzling display display"
vs_1953,"Men load on top of truck at night, risking safety"
vs_1956,Er Doctor's Wild Ride Crashes On Way To Work
vs_1957,Ambulance exits through traffic barrier
vs_1960,Person throws water balloon into dog
vs_1961,Airplane flying low
vs_1962,BC Parks: Exploring Nature's Wonders
vs_1963,Man rides scooter with child on back seat through busy city streets
vs_1965,"Man in sunglasses enters room, bends over over person lying down"
vs_1968,Where's My Water? Level 5-6 Solution
vs_197,Halloween-themed cake design competition on TV show
vs_1970,Google search for expired En-P-MOTP-Bonds coupons.
vs_1972,Woman speaks directly to camera in studio setting
vs_1974,Woman plays tug-of-war with dog outside orange toy
vs_198,Protesters in Capitol Building
vs_1980,Dog and cat playfully interact on floor
vs_1983,Cat plays in kitchen sink with water
vs_1984,Woman washeses mouth in sink then run away.
vs_1985,"Man walks through gate, dog follows"
vs_1986,Elephant walks past safari vehicle in grassland
vs_1987,"Survivor: Florida Man Battles Sharks, Lightning, Snakes, and Monkeys"
vs_199,Woman demonstrates car safety device installation
vs_1990,Woman killed by train in Polk County
vs_1991,Teen performs backflip in gym
vs_1994,Horse Show Competition in Indoor Arena
vs_1995,Diamond rings showcased in elegant presentation boxes.
vs_1996,Black watch and beaded bracelet showcased
vs_1998,Track athletes compete in hurdles race
vs_1999,Computer screen displays Minecraft crafting interface
vs_20,"Ron Swanson eats unusual food, causing laughter."
vs_200,"Crowd dances to ""Do The Challenge"
vs_2002,Biker demonstrates mini bike pump with hidden hose on ride
vs_2003,Solar Panel Pivot Mechanism Explained
vs_2004,Obama and Biden dine at Hell Burger
vs_2005,Man cleans inside shipping container with broom
vs_2006,Snowplder clears snow from road
vs_2007,Choir performs on stage in school gymnasium
vs_201,Ford Super Chips: Are They Worth It?
vs_2012,Two men in water balls playfully chase each other in lake.
vs_2015,Dog plays tug-of-war with toy on hardwood floor.
vs_2016,Toddler plays with toy in living room.
vs_2017,Jeep race through muddy obstacle course
vs_2018,Man in gorilla suit jumps into inflatable obstacle course
vs_2019,Woman pets cat on her head
vs_2021,Children play on climbing pyramid structure
vs_2025,Kitten plays with toy on cat tree
vs_2026,Motorcycle crashes into van at pedestrian crosses
vs_2027,Man chases monkeys on beach
vs_2029,Green Bay Floor Restore Demonstrates Tile Cleaning Process
vs_2030,Automated gate opens for white car
vs_2031,Remote-controlled helicopter crashes into car window
vs_2033,Haddad Auto President's Day Car Deals
vs_2036,Be The Alpha... Go To Net Marketing Champions
vs_204,Real Results: Hair Growth with Red's Kitchen Sink
vs_2044,Site5 Web Hosting 2012 Best Business Host
vs_2045,Operating Instructions for Bubble Water Features Remote Control
vs_2047,Driving without using the brakes: rev rev the engine to slow down
vs_2049,Man throws object into molten metal container.
vs_2050,Cat toy advertisement
vs_2053,Jewelry Cleaning with Dish Soap and Gemstones
vs_2058,Cat drinks water from kitchen faucet
vs_2059,Cadillac flips over icy I-75
vs_2063,Soldier surprises family at reunion event
vs_2064,"Player engages in intense combat with zombies in a dark, eerie environment."
vs_2069,How animals eat their food - made by boy scouts
vs_2070,Boys 100 Meter Dash Competition
vs_2073,Child performs backflip on trampoline
vs_2074,Snow-covered hillside gathering with people flying kites
vs_2075,Puppy Investigates Plant Near Fence
vs_2076,Man opens car window with raw egg
vs_208,Dog plays with tough leash
vs_2081,Man finds mouse inside antique box at auction
vs_2083,WOM Carpet Cleaning Fort Lauderdale: Professional Cleaning Services
vs_2085,BMX rider performs multiple jumps in indoor skatepark
vs_2086,Police Say Driver Was Drunk When She Hit Woman Changing Tire on Parkway
vs_2089,Push Ups: Hands as Chest Width
vs_2091,Green parrot in cage with toys and food treats
vs_2092,Car crashes into tree in snowstorm
vs_2093,Dog plays with kitten in cage
vs_2094,Two people on jet ski collide in water
vs_2098,Police officers assist cyclist near casino entrance
vs_2099,Man assists friend doing pull-ups on outdoor bar
vs_2104,Man showcases wood flooring sample in store
vs_2105,Install trailer tire valve in 15 seconds
vs_2109,Man performs abdominal dumbbell throw-up and catch exercise
vs_211,Garage fight breaks out among friends
vs_2111,Diamond ring on rotating stand
vs_2112,Baby in US Baby in Marine Training shirt
vs_2115,"Child rides scooter down residential street, car follows behind."
vs_2116,"Bicycle rider navigates snowy street, encounters obstacle"
vs_2118,Wedding card demo
vs_2120,"Female suspect attempts to breach White House barricade, leads police chase to Capitol Hill, resulting in shooting and injuries."
vs_2121,Colorful climbing structure rotates indoors
vs_2123,Basketball game in gymnasium with multiple players
vs_2125,Woman showcases intricate diamond engagement ring.
vs_2126,Wedding Favor Cupcakes: Love is Sweet Theme Design
vs_2127,Family enjoys snowy winter fun together
vs_2128,"Two men into in room, one throws pillow at other other"
vs_213,Hot Water Heater Smell R Rotten Eggs
vs_2132,Charlie Bit My Finger: made 36 Million Views
vs_2133,"Man eats cake, gets messy face, laughs"
vs_2136,Flying Fox Learns to Groom Itself
vs_2138,Indian Motorcycle Cruiser Showcase Event
vs_2139,Two men change tire repair in parking lot
vs_214,Woman in black dress sits on stool in Harper's B
vs_2141,Two women in bikinis dancing with stream
vs_2143,Woman showcases nail polish options for pets at party
vs_2145,Man teaches girl hand gestures in room
vs_2147,Motorcycle crashes into parked car
vs_2149,Men push large tire across parking lot
vs_2150,Grandpa sings lullaby to baby girl
vs_2151,Dick Van Dyke Discusses Showbiz Career on Today Show
vs_2154,Crocodile takes bubble bath in game level 4
vs_2160,Dogs playfully chase each other in muddy field.
vs_2162,Interior Design Showcase: Modern Living Spaces
vs_2165,Man discusses webpage content at desk
vs_2166,SUVs towing each other across grassy field
vs_2167,Kittenss Playfully Fighting in Cage
vs_2168,Claibborne Animal Shelter Construction Update
vs_2169,"Cat climbs onto office chair, plays with owner"
vs_217,"Child held hostage in bunker, taken from school bus, driver shot."
vs_2170,Alamogordo mom arrested for leaving kids in hot car
vs_2172,Athlete falls during hurdle race
vs_2176,"Red ""Love"" text on purple background"
vs_2181,Man watches TV while talking about violent game
vs_2183,"Green pickup truck drives through muddy river, gets stuck"
vs_2184,Police car overturned during accident scene
vs_2185,Monkey Skin character rides pig in MinecraftBeta 1.2_01
vs_2186,Bloomfield Public Library Christmas Party
vs_2187,Bulldog Rescue Network Event at Texas
vs_2188,Woman reacts dramatically while watching TV
vs_2189,Man performs TRX exercises with leg raises and push-ups variations.
vs_2191,Families enjoying a on a sled ride down green hillside
vs_2193,Street performers engage in human pyramid challenge.
vs_2194,Violet the dog plays with a couch cushions while growling.
vs_2195,Test-Tube Burger Taste Test: Not a Big Mac
vs_2196,Eight-year-old saves mother's life by calling 911
vs_2197,Double-Sided Oval Oil Bottle Sticker Labeling Machine Demonstration
vs_2199,2006 GE Spacemaker Washer WSM2700DAWWW spinning sounds
vs_22,Laser cutting machine in operation
vs_220,Dog Throws Ball into Cat
vs_2200,Sailors boarding boarding
vs_2205,Dancing Dog Performs Human-Like Moves
vs_2209,"Man plays guitar while cat jumps onto him, thenAMS ad follows."
vs_2215,Rolling marble through colorful maze levels
vs_2216,News anchor reports on oil company explosion
vs_2217,Children climb rope hill under sunny sky.
vs_2222,Hip Hop Jewelry: Bling Out Pendant
vs_2226,Jewish groups debate kosher status of test-tube meat
vs_2229,Monster Truck Crash Causes Chaos
vs_2231,"Man drives car into ditch, gets out, walks away"
vs_2233,"Woman throws ball into dog in pool, dog swims after it."
vs_2234,Man in helmet hits spider with plate
vs_2237,Dog chews stick in yard
vs_2241,Guinness World Records 2013: Meet the Record Breakersers
vs_2242,Women AUTO Know Founder Audra Fordin Shares Insight
vs_2243,Child rides bike through backyard path
vs_2244,Paper Magic Tricks: Learn Amazing Tricks with Just Paper
vs_2245,Player achieves round-winning kill in first-person shooter game.
vs_2247,Firefighters respond to emergency at building
vs_2248,Frankenstein head with glowing lights
vs_2252,Child drives toy car in backyard
vs_2254,Man buys Giants World Champions shirt outside
vs_2256,Metroflow Plumbing: Trusted for Over 20 Years
vs_2259,Car 22 crashes into fence during race
vs_226,Woman discusses success stories from speed dating experiences.
vs_2260,Monster truck performing in arena
vs_2262,"Cat plays with toy, chases it around room."
vs_2263,Dog agility competition indoors with handler and dog navigating course.
vs_2264,Woman lying on floor holding knife
vs_2266,Police officers escorting protesters during demonstration
vs_2270,"Car stuck in deep snow, struggling to move"
vs_2273,Home Inspection Savings Testimonials
vs_2276,Jamie Oliver's Food Revolution Day
vs_2278,Dogs interact with laptop screen showing animated figures
vs_2279,Shop Owner in Court: Girls Testified
vs_2280,Girl opens football-themed gift box
vs_2283,Puppies interrupt guitar playing mid-song
vs_2285,Blue Range Rover drives along tree-lined road
vs_2286,Super Bowl 20013: Favorite Commercial Discussion
vs_2288,Man pushes child in toy car down city sidewalk
vs_2289,Top 7 Do'ss and don't'ss for puppy potty training
vs_229,Woman dances while child plays nearby
vs_2290,"Dog walks on leash, chipsuaua"
vs_2291,Dogs Playfully Engage in Training Exercises at Distraction Park
vs_2298,Horseback rider competeses in indoor arena
vs_2299,The Kitty Tube: Fully Insulated Outdoor Cat House with Pillow
vs_230,"Boy jumps off trampoline, lands on ground."
vs_2300,Master of Bling: Angel Pendant Showcase
vs_2301,Horses race through snowy field at sunset
vs_2302,Michelle T Sterling: Plus Size Fashion Tips
vs_2303,Meteor streaks across the night sky leaving a trail
vs_2305,Eggs being boiled in pot on street
vs_2306,Arvee Robinson International Presentation
vs_2309,Baby bedding set with musical theme
vs_231,Diamond-encrased hexagonal ring showcased
vs_2310,M Mascot Training School in Tokyo
vs_2311,Red Bull Formula 1 pit stop crew change
vs_2312,Dog agility competition with handler and dog navigating course.
vs_2315,Silver SUV navigates through muddy forest trail
vs_2318,"Man falls down stairs, lands on floor, laughs"
vs_2320,Worker handles metal piece in workshop
vs_2321,"Elephants cross road, traffic stops"
vs_2323,Silver Honda Fit for sale at Fisher Auto
vs_2324,Man dances in bedroom with bed covered
vs_2325,Dog jumps over gate to chase cat
vs_2328,Cyclist narrowly avoids collision with white car
vs_2331,"Metro train derails, causing train collision and injuries"
vs_2332,Vertical Gardens Trendy in Vancouver
vs_2335,Dawson's Carpet & Upholstery Cleaning: Same-Day Service
vs_2336,Girl dances barefoot in backyard garden
vs_2337,Waldo Canyon Fire Destroys Homes
vs_2338,Woman carries boxes into storage truck while mascot assists.
vs_2339,Winter Weather Dangers: Slipspery Roads and Falls
vs_2342,Konstanz Wasserspiel zum Jubiläum
vs_2343,Man wearing hooded jacket appears briefly in front of tree branches.
vs_2346,Stop & Right Turn Only Sign at Night
vs_2348,Woman uses ironing rug flat with brick
vs_2349,"Woman drives as boom crane falls, killing employee, injure driver."
vs_235,Cars Land R Viaggio di Radiator Springs
vs_2350,ATV Riders Struggle Through Mud Pit
vs_2351,Man in white shirt struggles with dog on couch
vs_2353,Automated machine assembling cylindrical objects
vs_2358,Man falls through ice while skating with friends
vs_2359,Small Plates Detroit transforms former PJs into Armory Square
vs_2360,Track runners sprint towards finish line
vs_2362,Person interacts with tablet device
vs_2364,"Graduation ceremony chaos: Student falls, confetti flies"
vs_2367,Teenager arrested for deadly crash on I-15
vs_2368,Truckanics On-Sitete Mobile Repairs Services
vs_237,Cat chases bird near fence
vs_2373,Race car pit stop crew changes tire
vs_2374,Woman dances and poses in various outfits outdoors.
vs_2375,Fashion Trends: Spring/Summer 2011 Influences
vs_2377,NFS: Most Wanted - Beast from the East Escapes Pursuit
vs_2379,Perfect Nail Bend: Completely Examinable
vs_238,Boy rides bike over boxes on grass
vs_2380,Man jumps off trampoline into tree
vs_2381,Girl performs gymnastics flip on trampoline
vs_2382,Child rides suitcase through airport terminal
vs_2383,British cyclists compete in track cycling race
vs_2384,Children playfully interact with toys in a living room.
vs_2385,Bride and groom share cake fight
vs_2386,Raccoon steals cat food at night
vs_2387,Soldier killed by throwing knife in CallJaantho game.
vs_239,Green train Model train transports quarry materials
vs_2395,Bear cub hangs from garage door track
vs_2399,Woman applies lemon juice to face for spot treatment.
vs_240,Sea lions playfully splash in Central Park Zoo
vs_2400,Dog watches TV with intense focus on screen content
vs_2401,Boy falls from monkey bars during playtime
vs_2403,Worker grinds dirt on baseball field
vs_2404,Dog chases toy car in parking lot
vs_2405,Plastic pipe packaging machine operation
vs_2409,Engine oil leaking from hose connection
vs_2410,"Dog runs into water, swims back, repeats"
vs_2411,How Try Wearing with Capris Skinny Pants are Great
vs_2415,Deer interacts with cat in living room
vs_2416,Dog pushes small dog on scooter
vs_2418,Group Picture Taking at Events Sometimes Gets Out of Control
vs_2419,Where's My Water? - Sink Or Swim Level 4-4
vs_242,Woman models red coat against white backdrop
vs_2420,NYPD officers assist individual in Times Square
vs_2421,Man falls onto railway tracks as train approaches
vs_2424,Boot Camp Workout: Chair Squat and Single Leg Squat Demonstration
vs_2425,Goat chews on wheelbar barrow while cleaning up
vs_243,People walk past pile of poop on sidewalk
vs_2430,100000' Bedroom Furniture Showcase
vs_2432,Lizard Gecko Restaurant: Tasty & Sweet
vs_2435,Person walks through empty parking garage.
vs_2436,Deer crossing road causes multiple collisions
vs_244,Fashion Designer Sketches Balloon Bubble Bubble Skirt Tutorial
vs_2440,Boy plays with toy cars on carpet
vs_2443,Firefighters rescue toddler from washing machine
vs_2444,"Child plays with water fountain, gets sprayed by friend"
vs_2445,Fan interferesesce in baseball
vs_2448,Track runners sprint past hurdles in competition.
vs_245,Kids enjoying fun-filled days at Long Island waterslides.
vs_2451,Child dances excitedly in toy aisle.
vs_2452,Man pops water balloon with arrow
vs_2453,Snowplder clears highway during storm
vs_2454,Indiana State Fair stage collapse kills 4
vs_2459,Red worm-like figure moves across wooden surface.
vs_246,Dog jumps over fence repeatedly
vs_2466,Interior Design Showcase: Modern Living Spaces
vs_2467,Furrykids Running and Chasing After Each Other
vs_2470,Guy Shakes a Lit Bottle of Pop Gets Hit with the Cap & Dies
vs_2471,Fire truck exits garage with flashing lights
vs_2474,Police car damaged by rocks during protest
vs_2475,Get Your Risk-Free Estimate for Heating & Cooling
vs_2477,"Manhole cover on street breaks open, exposing debris and water-in."
vs_248,Man demonstrates wheelchair folding technique outside
vs_2483,Lady Gaga performs in a flying dress at release party
vs_2484,"Naomi Kyle hosts ""Cheap Cool Crazy"" segment"
vs_2486,"Motorcycle drives through gate, exits onto road."
vs_2489,Track runners compete in relay race
vs_249,Office Cleaner Ltd: Expert Cleaning Services in London
vs_2490,Pablo Sandoval receives World Series MVP trophy.
vs_2493,Bakingshop Party: Pink & White Decorations
vs_2495,Police officers direct traffic at night near accident
vs_2496,Boy jumps on bounce house
vs_2497,Man lifts heavy weights in crowd
vs_2500,Two cats playfully bite each other under a flashlight.
vs_2501,"Child plays with Matchbox fire truck toy, demonstrating features features"
vs_2503,Kurtinz: Affordable Curtains Solutions
vs_2504,Cat watches bowl of meat curiously
vs_2509,Bob's Burgers Season Premiere Announcement
vs_251,Radius 360 sanding tool for smooth surfaces
vs_2512,Pepper the Super Duper Spectacular Dog
vs_2513,Snow falls as performers dance on stage
vs_2515,Man falls during playful tackle on field
vs_2516,Choose the Right Cleaner for Your Home
vs_2518,Clay Factory: Pressing Clay into Pots Molds
vs_2519,SwingBox Golf Simulator Training
vs_2520,Brickk making machine in operation
vs_2521,Feedinging rabbits with banana slices
vs_2523,Man demonstrates trick for keeping socks dry while walkingin
vs_2524,Man takes selfie while band performs
vs_2525,Woman wakes up while man takes selfie in mirror
vs_2527,BMX rider demonstrates bunny hop technique
vs_2529,Black cat plays with Christmas tree ornaments
vs_2530,Learn Exactly Repair Sewing Machine At Home!
vs_2533,Dog runs through snow towards camera
vs_2534,Vancouver Balloon Twistersers Invent a Balloon Pinata
vs_2535,Puppy Gets Shots and Plays
vs_2537,UTurn 3-Dog Handle Walking 4 dogs again
vs_2539,Driver shifts gears rapidly while recording video
vs_2540,Winner Receives Check on Stage
vs_2542,Reverse Parallel Park Tutorial: VicRoads Criteria
vs_2546,Police cars chase vehicle on highway
vs_2548,"Man runs through school hallway, trips over falls."
vs_255,Unboxing Disney Minnie Mouse 3D Figurine
vs_2554,How to Make a Beaded Scrolled Wire Bracelet
vs_2555,Motorcycle rally on highway with police escort
vs_2556,Blendering Hot Soups Safely
vs_2557,Woman showcases colorful skirt pattern in sewing room.
vs_2559,Man falls down stairs while skateboarding
vs_256,Most Wanted Roofing Finishes Showcase
vs_2560,Child rides plush horse toy back and forth
vs_2561,Fill Master Cylinder After Brake Fluid Spills
vs_2563,Man performs acrobatic flip in mall
vs_2564,Family of 5 loses everything in house fire; dog alerts teen safely
vs_2568,The Love Festival Celebration 2013
vs_2569,2010 Jeep Wrangler Ad
vs_2570,Maybe Diving Isn't Your Thing
vs_2572,Pug dog eagerly waits for food then bowl
vs_2573,Nail Art Tutorial: Twilight Kitty Design
vs_2574,Pittsburgh Zoo CEO Speaks About Dog Mauling Incident
vs_2576,Suhuaa Highway closure disrupts Chinese tour groups' travel
vs_2578,Woman runs down road towards man in virtual reality.
vs_2579,Inspecting recycled paper pellets
vs_258,Woman showcases engagement and wedding rings.
vs_2580,Actor Paul Walker dies unexpectedly
vs_2581,Motorcycle rider performs dramatic jump over house-made ramp
vs_2582,Motorcycle parked in parking lot with chrome details
vs_2584,Jack Harper vs. Tire in the Woods
vs_2586,Bunny plays with stuffed animals on floor
vs_2588,Lego Pirates of the Caribbean The Black Pearl Built in Stop Motion
vs_2589,The Finest European Art Deco Furniture in Texas Opening soon in Houston
vs_259,Police chase ends in dramatic crash
vs_2592,Advance Auto Body Expert Paint & Body Work
vs_2593,Kitchen interior design showcase with lighting effects
vs_2597,Kenwood White kitchen machine launch
vs_2598,Ducks splash and play in a snow-filled pool.
vs_2599,Biker captures ghost near haunted tree at night
vs_26,"Marathon runner takes wrong turn, loses race"
vs_260,"Dog chases toy across room, returns for treat"
vs_2601,Slender Man in dark forest
vs_2604,Woman tennis player hits ball into crowd
vs_2606,Cat chatters at bird outside snow
vs_2607,"Dog lying down with wet tail, looking concerned."
vs_2608,DoggyRde Cocoon: Award-Winning Pet Bicycle Basket
vs_2610,Dog plays with toy in cage
vs_2611,Teen jumps high for basketball shot
vs_2616,Subscribe to Designed Outdoor Living
vs_2617,Man performs flips and tricks in gymnasium
vs_2619,Cat plays with treat stick while owner feeds it
vs_2625,Kansas City Roofing Pros: Free Estimate Today!
vs_2627,Dozens show up for anti-gun rally
vs_263,Family decorates
vs_2633,Inside view of party bus with colorful lights and leather seats.
vs_2637,Chic Jewelry Engagement Ring Showcase
vs_2641,Child plays with toy gun indoors
vs_2643,Woman performs backflip on trampoline in gym.
vs_2646,Interviewer showcases LG refrigerator features number two with Frank Lee.
vs_2648,TV shows animated characters playing baseball game.
vs_265,Brother V-Series LCD Touch Screen Display Features Showcase
vs_2655,Baby lifts parent into play position
vs_2658,"Arrow Pressure Washing: Roof Cleaning in Port St. Lucie, FL"
vs_2659,Dog agility training session with handler
vs_2666,Hit The Road Jack promo featuring Jack Whitehall
vs_2667,Man attacks cashier in convenience store
vs_2669,Man showcases vintage 1960s Sears motor-and-son motor bike kit
vs_267,"The Jump Into the Ocean in Key West West, FL"
vs_2674,Woman models athletic jacket against plain backdrop
vs_2675,Pickup truck drives through muddy obstacle course
vs_2676,"Protestersers hold signs, chant slogans"
vs_2677,Savannah Cat TV: Seerval Bringsns Back Toy
vs_2678,Wolf drinks water water fence
vs_268,Person slides down fast track slide
vs_2680,Young Man Helps Grandpa Cross Street at Target
vs_2682,Fixing Ford Explorer Engine Thump Noise
vs_2684,"Cat climbs up wall, hangs upside down"
vs_2686,Smittybilt Neopprene Seat Covers Promotion
vs_2687,RC car race in indoor arena
vs_2688,Red bicycle with yellow suspension fork parked against green wall.
vs_2689,SleepCountry Foster Kids Secret Santa Toy Drive
vs_269,Cat jumps into catch falling object in room
vs_2690,Fan falls into ground in stadium seats during game
vs_2697,Woman in pink dress adjusts outfit on mannequin
vs_2699,Remote-Controlled Toy Robot with Colorful Lights Show
vs_27,Puppy Chewing on Toy on Bed
vs_270,Baby takes bath in kitchen sink
vs_2700,Person examines circular saw blade on ground.
vs_2702,Tiger Strikes Handler During Show
vs_2703,Man fightsed giant eagle with sword
vs_2706,Man in spaces suit jumps off ball hits him
vs_2707,Attackers take over 9 mobs
vs_2708,CitiBike station with multiple bicycles lined up
vs_271,McLaren P1 Dashboard Display
vs_2710,Labradoodle participates in dog training program.
vs_2712,Pet Stain Removal: Bisissell Carpet Cleaner Demonstration
vs_2713,ATV riders navigate muddy trail together
vs_2716,Teen driver sentenced for fatal hit-and-run
vs_2717,Box Pouch Coffee Bag with Pocket Zipper & Valve
vs_2721,High School Football Game Live Streaming Setup
vs_2722,Dog runs through snow chasing toy
vs_2724,"Quad rider drives off cliff edge, narrowly escapes fall."
vs_2727,Cat and dog cuddling on couch
vs_2728,Race car driver performs dramatic jump over car flips
vs_2732,Replacing Refrigerator Water Filter
vs_2733,Essential Car Maintenance Items for Road Safety
vs_2736,Nick Jr. Face Opens for Blue in G Major!
vs_2738,Lady Gaga performs on stage with confetti showering down.
vs_2739,Man trains dog to attack mail box
vs_274,"Michelle Obama promotes ""Let's Move!"" campaign."
vs_2742,Man in green shirt reacts excitedly to prank video.
vs_2743,Harry Styles discusses supporting British designers at Burberry event
vs_2746,Ford C-Max Hybrid Review
vs_2749,Boat flips over launching into rough seas
vs_275,Firefighter saves woman in dramatic highway crash
vs_2750,Man hits woman with umbrella in yard fight
vs_2751,Man walks through muddy water vehicle stuck in floodwaters
vs_2756,Skateboarderer jumps over car
vs_2758,Car drives through muddy field at night
vs_2764,Light a tea candle with spaghetti instead
vs_2765,Roller Coaster Derails at A Theme Park
vs_2767,Blue pickup truck performs aerial flip on sand dunes
vs_2768,Man drives lawn mower on residential street
vs_2769,Interior Design Showcase: Modern Living Spaces
vs_2770,Woman loads large box into small green car in snowy field
vs_2771,Girl slides down inflatable water slide into splash pool
vs_2773,Monster Jam Urban Assault Coming Fall 2008
vs_2774,Team Fortress 2 Exclusive Tracks and Cars
vs_2776,Motorcycle race on winding track
vs_2778,Can I walk on my rugs before they're dry?
vs_2779,Great New Items! Just Added This Week
vs_2782,Biker fails spectacularly on ramp jump
vs_2783,Old Batwoman crashes motorcycle into pedestrian
vs_2787,Man cleaning driveway with pressure washer
vs_2788,Courtroom Verdict Announced
vs_279,Jeweler demonstrates ultrasonic cleaner for finishing rings
vs_2790,Hailstones fall on shopping center
vs_2791,"Hidden song ""Pretty Fly for a White guy"" performed by mariachi band"
vs_2794,Airplane drops water near construction site truck
vs_2796,"Boy plays maze game, struggles through levels."
vs_2805,Puppy plays fetch with toy indoors
vs_2806,Man uses vacuum hose to clean boxes
vs_2807,Utility trailer showcased in parking lot
vs_2808,Man sells ticket to fan at game
vs_281,Attracting Women: A Learned Skill
vs_2810,Toddler plays with toy horse while adjusting hat
vs_2811,City of Long Beach fixes potholes on street
vs_2813,FDA Warns of Dog Treat Danger
vs_2815,Inspecting water water heater for leaks
vs_2817,Divers swim among sharks and fish underwater.
vs_2819,Man flips over shopping cart in park
vs_282,"Yellow race car crashes, smoke billows."
vs_2820,Pickup truck drives through wooded area
vs_2821,Captivating Asian Women on Asian Beauties
vs_2822,Girl rides horse through obstacle course
vs_2827,ENCAP Youth Program Offers First Job Experience
vs_2829,Window shatters unexpectedly during hail storm
vs_283,White pickup truck performs burnout in front of crowd
vs_2831,Sunny Side Up Show Celebrates Birthday
vs_2833,Dietary Factors Affecting Dog Skin Health
vs_2834,Aircraft perform synchronized aerial maneuvers with smoke trails.
vs_2835,Christopher Allen wins Boys 100 M Middle School race.
vs_2837,Motorcycle rider performs wheelie on highway
vs_284,Making a perfect latte with a Sherer Power Steam Espresso Machine
vs_2846,Princess Cut Diamond Engagement Ring by Nina Elle Jewels
vs_2847,Silver and Gold Wrapped Candy Bars Spinning
vs_2848,Participants run towards each other in relay race
vs_2850,FHM TV: Behind-the-Scenes Soccer Shoot
vs_2851,Pickup truck flips over stuck attempt
vs_2852,Piano Teacher Explains Chords on Board
vs_2854,Train station explodes in city center
vs_2856,"Teen charged with DUI after deadly crash in Mesquite, NV"
vs_2857,Annie shares her favorite summer memory: watching My Light is Watchingi Kids Eat Ice-Cream (During The Summer)
vs_2859,Red pickup truck performs don don doughnut in parking lot
vs_2860,"Jeep drives over rough terrain, climbs steep hill."
vs_2861,The Naked Brothers Band Sends a Message
vs_2862,Pottery Barn Kids Table and Chairs Set for Toddlers
vs_2865,Low Crown Brushed Cotton Caps at amazing price
vs_2869,Man walks past abandonedandoned building
vs_2873,Dog swims in pool with trainers' assistance
vs_2874,Curious fluffy dog interacts with camera
vs_2881,Man fixes bicycle in workshop
vs_2883,Bigh horn sheep climb steep cliffside
vs_2886,Family Dog Shot by Police Officer
vs_2888,Fan dives for foul ball in baseball game.
vs_2890,Track athlete crosses finish line first
vs_2894,"Whale Rescue at Mahia Beach, New Zealand"
vs_2896,Twin-Town Enterprises: Granite Polishing Process
vs_2899,Blue Mazda B50 L
vs_29,Guinea pig eats carrot from hand
vs_290,Fan throws drink to child during baseball game
vs_2904,Man with Gun Questioned at Kroger Store
vs_2908,Sniper scope view of snowy mountain peak
vs_291,Driver charged in Amish buggy hit and run
vs_2911,Game Winning Kill Achieved
vs_2912,Fixing Leaking in Tub Spout and Shower Head
vs_2913,Man rides scooter in skatepark performing tail whip trick
vs_2916,Man climbs rope in gym while others watch
vs_2919,Toddler rides toy motorcycle indoors
vs_292,Dog plays with shoes on floor
vs_2920,"Three men sit on tarp, water hose sprayed, water fall into water"
vs_2924,"People lying on ground in public square, others standing and raising"
vs_2927,Bottle labeling machine in operation
vs_2929,Man rides ATV down residential street
vs_2930,Two girls ride bikes down cracked road together
vs_2931,Portable Pressure Washer on Trailer
vs_2932,"Man carries child into room, then falls"
vs_2936,White car overtakes on highway
vs_2937,Antioch Hit and Run Incident Involving Silver or Gray Ford Sedan
vs_2940,"Protestersers sign ""Order"" displayed"
vs_2942,Girl practices shooting with toy gun in park
vs_2945,Monster Energy Kawasaki Ninja 650 showcase
vs_2946,Man climbs tree during public event
vs_2947,Man robs convenience store
vs_2948,Bridal Jewelry Sets with Great Discounts Online
vs_295,Dog plays with laser pointer in living room.
vs_2950,Train carrying furniture through snowy forest track
vs_2951,Adjusting window frame with wooden wedge
vs_2952,Woman falls onto train tracks as train approaches
vs_2957,Mate Car Floor Mat Demonstration
vs_2961,Inflatable slide flips over crowd reacts
vs_2964,Alien ship under attack in space cloud sector
vs_297,Woman steals multiple pairs of designer glasses in store.
vs_2970,Install push-pull sticker on glass
vs_2973,"Fan hits baseball, security intervenes"
vs_2974,Jeep struggles through snowy forest trail
vs_2976,Woman dances in garage while singing
vs_2978,Baby smiles while lying down
vs_2979,10k Gold Pendants & Earrings Showcase
vs_298,Woman praises thorough floor cleaning service.
vs_2981,Casey's Sideflips Finally Look like Side Flips
vs_2984,BMW drives through flooded parking lot
vs_2986,E-TATAMI: Eubiq Powered Floor System Setup
vs_2987,Child plays with toy phone near grass
vs_2989,Baseball players celebrate home run
vs_299,Track runners compete in hurdles race
vs_2990,Soldier surprises family with unexpected visit
vs_2992,Bear runs across field towards trees
vs_2995,Man demonstrates slingsings shot setup in backyard
vs_3,Woman discusses popular cat videos compilation on One Minute News.
vs_30,Woman shoots family's car with rifle due to backing issue
vs_3000,Man locks face in cage to quit smoking
vs_3002,Parking Rules: Parking on a Hill
vs_3006,100000 Bedroom Furniture Adtractive Designs
vs_3007,How Zircon Tip Minute: Finding Studs Behind Tile Walls
vs_3008,Modern Living Room Console Tables Showcase
vs_3010,Top 7 Do's and don't's for puppy potty training
vs_3011,Interior Design Showcase: Modern Living Spaces
vs_3012,Pursuit Suspect Killed in Santa Fe
vs_3013,FOX 5 DOUBLE FUNERAL FOR YOUNG COUPLE KILLED BY HIT-AND-RUN DRIVR
vs_3015,Star Wars Characters Eat Their Food
vs_3016,Children playing in swimming pool with adults supervision
vs_3019,Batman Figure Displayed with Multiple Faces
vs_3021,"Cat jumps out window, escapes building"
vs_3023,Liori Diamonds New York showcases elegant diamond rings.
vs_3025,Child plays with toy boxes on table
vs_3026,Cat takes bath in sink
vs_3027,RV interior tour showcasing living space
vs_3028,Paul makes a game-winning shot at buzzer-beater.
vs_3029,Puppy Plays with Ball on Carpet
vs_3031,Pasteurization Kills Nutrients and Antibodies
vs_3032,Africa Gems: Custom Pear Shape Aquamarine & Diamond Pendant
vs_3036,Dog ch chases toy across
vs_3042,"Snowmobiles race through snowy forest, creating massive snow clouds"
vs_3043,Tanker truck drives through flooded forest
vs_3045,Man clears snow from roof with hose
vs_3046,Police car drives away from building
vs_3047,Justin Bieber performs at crowd dances
vs_3048,Dog fighting ring exposed: 367 dogs rescued
vs_3059,Where's My Water? Level 4-7 Complete
vs_306,Bicycle stand review: Scott S50 Speedster support
vs_3062,Marine veteran discusses donation to Dodgers fan.
vs_3067,"Man climbs out window, hangs from balcony"
vs_3069,White House: Health Bill Will Pass
vs_307,Man reads newspaper while making PB&J sandwich
vs_3071,Men rescue muddy truck using others watch
vs_3072,Puppy plays with toy on plaid blanket
vs_3075,Pickup truck pulls heavy trailer down dirt track
vs_3077,"Jeep stuck in snow, towed by another vehicle"
vs_3078,Three Year Old Rides Bike on Sidewalk
vs_308,Boy rides bicycle in backyard
vs_3082,Drunk Driving Accident Injures Baby
vs_3083,Puppy plays with toys in living room
vs_3090,Airplane team pulls rope against passengers
vs_3091,Personalized Plates & Napkins for Special Events
vs_3094,Baby smiles while playingfully interacting with toy.
vs_3095,Boxing gloves hanging from inflatable bounce park
vs_3100,St. Johns County man arrested for animal abuse after sexually abusing neighbor's dog
vs_3106,"Cadillac crashes into bike shop, narrowly misses customers"
vs_3107,Bicycle rider falls during trick attempt
vs_3109,"Man swings bat at tree, hits it"
vs_311,Escape Plan Awareness Campaign Video
vs_3110,"Man plays with dogs in snow, gets buried"
vs_3111,Brires showcases extensive selection of sectionals in Canada
vs_3114,"Woman walks through parking lot in heavy rain, then car approaches"
vs_3116,Monster truck flips over dramatic stunt
vs_3119,Diamond rings displayed in elegant presentation
vs_312,Car stolen with child inside Fond du Lac
vs_3120,Snowstorm on highway with multiple vehicles driving cautiously
vs_3121,Man digs through snow to reach dog
vs_3122,"Motorcycle rider speeds along highway, overtaking cars."
vs_3126,Concrete Block and Wall Professionals! Shafran Construction
vs_3128,White foam erupts from black container on picnic table
vs_3129,White SUV drives over pedestrian on sidewalk
vs_313,Girl gives boy a present in car.
vs_3131,Optima Steamer Cleaning Car Engine
vs_3132,"Black puppy eats, then sits, thanks for watching."
vs_3133,Man launches paper airplane into crash land in field
vs_3138,The Frugalicious Show: Deal of of the Day
vs_3139,Man celebrates with crowd at microphone
vs_3141,Auto-Vox Parking Sensor LF04
vs_3143,Man demonstrates spinning belt neocrine seat covers in workshop.
vs_3147,Woman blows out birthday candles and cuts cake
vs_3149,Border Collie Chihuahua Mix Dog Escapes
vs_3153,Man dodgesing bull in arena.
vs_3156,Baseball Field Archery Challenge: Hit the Bottle from Second Base
vs_3157,Cat plays in bathroom sink
vs_3158,Cat drinks water from faucet in bathtub
vs_316,USA Olympic Track & Field Team at White House
vs_3162,Girl stands on fridge to reach top shelf.
vs_3164,Understanding Cats Language by Commerical Kings
vs_3165,Cleaning glass cooktop with Weiman cleaner
vs_3169,"Teen driver crashes into neighbor's house, injures children"
vs_3171,Belly Dance Moves: Single-Hip Vertical Figure 8s
vs_3172,Pug jumps into greet another dog in a cage
vs_3173,Woman discusses tips for helping children sleep through the night.
vs_3176,Kitten plays with toy in wicker basket
vs_3181,Motorcycle crashes into car on street
vs_3186,Cleaning Authority staff showcases kitchen deep cleaning techniques.
vs_3190,Choosing the Best Pants for Short Legs: Expert Tips
vs_3192,Automated fabric cuttingting machine operation
vs_3196,Scrub Top with Pattern and Pocket Details
vs_3197,Man hits pin with bat at birthday party
vs_3198,"Runner falls over hurdle, continues"
vs_32,Man in car performs card trick with spectator's chosen card.
vs_320,"Man performs CPR, saves boss' life at Pick n Pull."
vs_3201,Interior Design Showcase: Modern Living Spaces
vs_3202,Explosion at fertilizer plant in Texas causes chaos
vs_3203,Man fixes chimney cap on brick wall
vs_3206,Kabang the Hero Dog Walks in Snow
vs_3209,Cat chatches ball and runs away
vs_3210,Liori Diamonds New York showcases stunning engagement rings.
vs_3211,Man's face appears distorted in fire-like effect
vs_3213,4 Step doggy steps pet stairs dog ramp
vs_3214,Man compares top-load vs. front-load washing machines
vs_3215,Police car flips over pursuit
vs_3216,Make Spicy Olive Oil with Hot Peppers
vs_3217,Lindsay Performs Decline Pushups with One Foot Raised
vs_3219,Woman walks through archwayway
vs_322,Metal punching process using Expert Village
vs_3223,Hot Tub Repair/Maintenance Services Offered
vs_3224,Motorcycle rider overtakes multiple vehicles on highway.
vs_3226,Jeep navigating rocky terrain in desert
vs_3227,Install Tom Clancy's Ghost Recon Future Soldier
vs_323,Jeep drives through heavy snow storm
vs_3230,Weather Service Flash Flood Warning Alert Issued
vs_3234,Cat gets banned from garage by dog friend
vs_3235,"Blue car gets stuck in mud, towed out."
vs_3236,Man shovels snow on snowy street
vs_3238,Hardwood floor installation process shown
vs_324,Auto Tronics: Expert Automotive Solutions
vs_3242,Red Eye Gravy with Ham Recipe
vs_3244,One Direction performs on stage
vs_3248,Window washersers trapped dangling from skyscraper ledge in NYC rescue
vs_3249,Snowball fight in snowy neighborhood
vs_325,Dog bawks and dances with green rope toy
vs_3253,Driver stops to help woman after car accident
vs_3256,Skateboarderer crashes into wall
vs_3259,Baby being fed in car seat
vs_326,Laser experiment in workshop sparks curiosity
vs_3260,Cloud Twilight Constellation Turtle Night Light
vs_3261,Cat jumps onto pool table and lands on ball
vs_3264,Track meet begins with hurdles race.
vs_3265,Boy jumps into lake from dock
vs_3266,Two women hit by drunk driver in Chicago
vs_3267,Children play baseball in stadium during game
vs_3268,Jeep stuck on steep dirt hill
vs_3269,Goalkeeper dives but fails to stop ball from entering net
vs_3271,"Baseball player hits home run, celebrates with teammates"
vs_3272,Motorcycle inspection and start
vs_3274,Woman plays with baby and dog indoors
vs_3275,End of Lease Cleaning Services Offered by Sydney Company
vs_3277,Man in tuxedo adjusts collar while watching on screen shows man in suit.
vs_3281,Dog jumps onto pegboard wall
vs_3282,Dr. Knox Discusses Coffee Bean Extract Weight Loss
vs_3283,Two girls dancing and singing in car
vs_3284,Baby plays with toy car while cleaning floor.
vs_3286,Biscuits packaging machine in operation
vs_3288,Puppy plays with paper towel near bowl
vs_3289,Boy Meets World Cast Then and Now
vs_3290,Replacing Surface Burner on Gas Range
vs_3291,Jeep flips over attemptinging steep hill climb
vs_3292,Alton Brown discusses essential kitchen equipment.
vs_3293,Reliable Roofing Solutions for Your Home
vs_3294,Man discusses texting plans for teenagers
vs_3295,Group dancing in parking lot
vs_3296,Yellow plush toy with cross symbol appears
vs_3297,Laundry Day relay competition on stage
vs_3303,Black pickup truck pulls trailer down track
vs_3304,Man slides down hill on lawn mower
vs_3310,My Local Home Show: Studio Showcase
vs_3311,1ct Princess Marquise Diamond Micropave Wedding Ring Set 14K White Gold Estate Jewelry
vs_3314,Creamy Serradura Dessert Preparation
vs_3317,Cat drinks from toilet then jumps out
vs_3318,Man performs backflip on trampoline
vs_3320,Boy rides bike down driveway
vs_3322,Green Ford Collision Center: Expert Auto Repair Services
vs_3323,Baseball Fans Share Balls After Outfielder
vs_3328,"Woman feeds ducks, man gets surprised by duck attack"
vs_3329,Motorcycle rider navigates through muddy terrain
vs_3330,Africa Gems: Moissanite Solitaire Engagement Ring Sale
vs_3332,Woman attacks man on sidewalk
vs_3334,Dog chases cyclist during race
vs_3336,"Jeep drives through crowd, creates dust cloud"
vs_3337,M Westport Vigil for Mysterious Death
vs_334,Family thankful to be together on holiday
vs_3340,Snowplmobiles race down snowy road at night
vs_3343,Motorcycle Accident Causes Rider Road Rash and Serious Injuries
vs_3346,Woman washes hands trick rubber band
vs_3347,Yellow race car undergoeses pit stop
vs_3348,Children sled down snowy hill safely
vs_3350,Wedding Planning Tips: Don't Freak Out About...
vs_3354,Teen driver crashes into utility pole after left turn
vs_3357,Street artist draws Mickey Mouse on sidewalk.
vs_336,Best Running Hat Review: Lightweight & Reflective Design
vs_3362,Dog enjoys new treats but not overly enthusiastic
vs_3365,Speeding car crashes into home in quiet neighborhood
vs_3366,Chihuahua plays with toy on bed
vs_3367,Bottling machine filling bottles on conveyor belt
vs_3368,Sealing machine packaging process demonstration
vs_337,Chef prepares dog treat using
vs_3370,Bottles case explodes in store
vs_3371,Man in hat speaks directly to camera
vs_3372,"Kitchen cluttered with items, table overflowing, chaotic scene."
vs_3373,North Korea's Arirang Festival Celebrates 65th Anniversary
vs_3378,BMX rider crashes into bystandersers
vs_3379,Elephants paint messages in Thailand festival
vs_338,25 Ultimate Women Travel Tips
vs_3381,Dogs playfully chase each other along sandy beach.
vs_3384,Crazy cat toy: Cats Meow Moves Like a Mouse
vs_3386,Metal plate for forklift specifications
vs_3388,Spider-Man dances with Iron Man at stage
vs_339,Child-sized Ford Mustang replica toy car
vs_3392,Worker inspects machinery with handheld device
vs_3395,Fireworks display over water body
vs_3398,"Man runs down road, car approaches from behind"
vs_3399,Girl performs impressive jump on trampoline in gymnasium.
vs_34,Tow truck lifts and transports damaged vehicle
vs_3400,Man balances 5-inch steel bar over nose in yard
vs_3402,Jeff demonstrates how to perform a bunny hop on a bike.
vs_3406,Puppies playfully interact with each other and their human hands.
vs_3407,Man runs across street without looking
vs_3410,Person dances on wooden floor
vs_3411,Veterinarian discusses flea treatment options for pets.
vs_3412,"Woman sits on couch, dog jumps onto her lap."
vs_3414,Tiger Handler Attacked During Show
vs_3416,Man carries woman piggyback down street
vs_3417,Fan falls into field during home run call.
vs_3419,Child's bicycle with training wheels parked against green wall.
vs_342,Feeding rabbits with apples in a cage
vs_3421,Football team celebrates victory in locker room
vs_3423,Soldier showcases flysuit
vs_3426,"Black SUV drives away from building, person follows."
vs_3429,Cat Owner Warns of Flea Killer Reaction
vs_3430,Blue industrial machine in operation
vs_3433,Police officer confronts man about his sexuality
vs_3435,Player eliminates enemy with rocket launcher
vs_344,Toddler enjoys yogurt snack with caregiver
vs_3441,Ben dives off cliff into scared girls
vs_3442,Police officers detain driver in traffic jam
vs_3443,Toddler plays with large dog under table
vs_3447,"Car drives onto highway, nearly hits other traffic"
vs_3448,Chick-fil-A controversy sparks same-sex kiss protest
vs_3453,Man takes photo of damaged car
vs_3454,Crowd gathers for fireworks display on street
vs_3456,Bus crash injures 16-year-old passenger on highway
vs_3457,Great MastiDanador Pups (8-months) are Basketball Distracted during Christmas Holiday Photo Shoot
vs_3458,Installing metal rail on roof using block
vs_3459,Worker rolls fabric on conveyor belt
vs_346,"SUV Hits Motorcycle, Flip Occurs"
vs_3462,Fireworks explode unexpectedly in nighttime street scene
vs_3465,"Airplane lands on grassy field, chaos ensues"
vs_3466,Black cat plays with blue in bathroom sink
vs_3468,KitchenAid Pro Line Series Food Processor Demonstration
vs_347,Continuous Band Sealer Packaging Process
vs_3472,Girls Princess Room Design Showcase
vs_3475,"Bus driver suddenly falls from seat, injures passengers"
vs_3477,Team GB cyclists break world the World Record in Olympic qualifying.
vs_348,Man uses portable sandblaster on car part
vs_3482,Man hit by car while crossing street
vs_3485,First Family adds second Portuguese Water Dog
vs_3486,Dog Rides Skateboard on Sidewalk
vs_3488,Drunk Man Jumps Over Wall
vs_3489,"Bicycle rider fixes lights, rides through city at night."
vs_3493,Man walks across lawn towards fence
vs_3495,Man runs across red line while others watch
vs_3496,Myanmar wins football match
vs_3497,Motorcycle rider crashes during drag race
vs_3498,Sewing machine stitching leather material efficiently
vs_3501,Motorcycle rider crashes into tree while riding
vs_3503,Fastinging Works: Rapid Weight Loss
vs_3504,"Woman discusses ""Goods on the Roof"" in Coombs, Vancouver Island."
vs_3505,Summerset Outdoor Living Advertisement Showcase
vs_351,Boy climbs wall in living room
vs_3510,Woman arrested for allegedly abandoning child in park.
vs_3515,Dog watches TV and reacts to cartoon characters
vs_3517,Decorate Your Pool for a Swimming Party with Flowers
vs_3522,Man throws skateboard down street
vs_3523,Man inspects vintage red car at show
vs_3525,Wire Christmas tree ornaments being made
vs_3526,Steam cleaner efficiently cleans tile floor
vs_3528,Crowd cheers enthusiastically during concert
vs_3529,Dogs playfully fight on a mat
vs_3530,Car drives down residential street
vs_3531,Player dribbles past defender and scores goal
vs_3537,Woman rides bicycle through heavy rain storm
vs_3538,NatureROCKS: A Boulder Way to Play!
vs_3539,"Woman wash dishes, rubber band on sink hose"
vs_354,Electrolux All Freezer Showcase
vs_3541,"Yellow truck stuck in mud, struggling to escape."
vs_3546,Kendra Porter Discusses Fashion Trends
vs_3547,Caden Nursery Collection: Small Spaces Solution
vs_3549,Children participate in outdoor running race with adults supervision
vs_3554,Automated machine assembling products parts
vs_3556,Crowd celebrates under tent with raised arms
vs_3558,Child eats ice cream while watching turns
vs_356,Police: Driver appears to be be drunk at 51st and Yale
vs_3560,"Man gets hit with pie, falls, and covers face."
vs_3561,Fat man climbs into roof of car in parking lot
vs_3562,One Direction performs on stage
vs_3563,True GDM Series Refrigerators Showcase
vs_3565,Men load car with pole at parking lot
vs_3572,Woman blows out birthday candles surrounded by guests.
vs_3576,Bicycle stunt rider performs tricks in parking lot at night
vs_3577,Baby wakes up from nap in toy box.
vs_3579,Man demonstrates adjustable reach pole outside truck
vs_358,"Dog jumps into catch stick, swims back"
vs_3580,Flat Bill Visor Acrylic Caps Showcase
vs_3583,Woman discusses BMW repair service experience
vs_3584,"Child finds jellyfish on beach, releases it"
vs_3585,Cat rolls over bed while sleeping
vs_3588,Man jumps into car in middle of street at night
vs_3589,The Accident: Jurisdiction Changed to Tennessee Settlement
vs_3590,Man speaks directly to camera in studio setting
vs_3593,Climberer falls from steep rock face
vs_3595,"Girl smiles confidently in ""I conquered the G-dub"" shirt."
vs_3597,Person opens bottle of Aquafina water fridge
vs_36,Good Vibes Real Estate Solutions
vs_3601,Espree Poodle Wrappingting and Banding Demonstration
vs_3603,Skateboarderser perform tricks in urban environment
vs_3604,Laborers conduct soil testing analysis
vs_3605,Honda dirt bike showcased in garage.
vs_3607,Checking radiator temperature and coolant pressure.
vs_361,Track athletes compete in indoor race
vs_3610,Cartoon character eats sandwich with excitement
vs_3612,Apple Cider Vinegar Diet Cleanse
vs_3614,Indian street food sandwich making process
vs_3618,Teach Your Dog to Walk on a Loose Leash
vs_362,Boy blows out birthday candles in darkness
vs_3624,"Person throws object at table, then gets hit by chair"
vs_3627,Toast Cooking Demonstration on Stovet Pan
vs_363,"Taiwan baseball fan catches foul ball, child tumbles"
vs_3631,Police arrest man in church during service
vs_3632,Toddler plays with vacuum cleaner hose
vs_3633,Training dogs with treats and puppy classes
vs_3634,Girl faked death for Google Street View prank
vs_3635,Woman discusses room fresh scent mystery
vs_3636,Jerry'ss Neighborhood Plumbing & Sewer Service
vs_3637,"Jeep stuck in muddy river, drivers struggles to free"
vs_3638,Man opens orange electric toothbrush from BudgetG Gadgets.com
vs_3639,Modern interior design showcase in Mumbai
vs_3641,"Child sleds down snowy hill, falls, and rolls into stop"
vs_3643,Drivers assist stuck rally car on snowy track
vs_365,Factory Fire Claims Multiple Lives
vs_3650,Google Search Bar fails hilariously
vs_3651,Neighbor saves toddler near car accident
vs_3652,London Plumb Service: Emergency Repairs
vs_3653,Little girl models in white dress for photoshoot
vs_3654,Man fixes tire on snow-covered Jeep.
vs_3655,Women showcase stylish high-heeled sandals
vs_3656,Tiger Woods struggles on the green during PGA Tour match.
vs_3658,Dog drags injured runner across street
vs_3659,Child rides scooter through playground obstacles
vs_3662,Gymnastics Style Bodyweight Workout
vs_3668,"Fixing rubber feet on laptop using 15, 2011"
vs_367,Father teaches child ride bike on sidewalk
vs_3670,"Man runs past park bench, leaves quickly."
vs_3671,One-year-old dies in overnight fire in Milwaukee
vs_3674,Man showcases flooring products in presentation.
vs_3675,Man discusses dating tips with woman in casual setting.
vs_3677,Copying Primes from Website to Excel
vs_3681,Baby takes first steps with adult encouragement
vs_3682,Tennis player serves during match
vs_3683,"Student attacked in school, parents react"
vs_3685,Dark truck causes deadly chain reaction crash on Cape Cod bridge.
vs_3686,Teen killed by car in Northeast Philadelphia
vs_369,Birthday cake with candles blown out
vs_3690,Man speaking directly to camera
vs_3694,"Man rides motorcycle down stairs, lands on rooftop"
vs_3697,Zoo blames mother for toddler's death
vs_3698,Veterinarian examines fluffy orange cat
vs_3700,Woman demonstrates baby-proofing outlet covers in bedroom.
vs_3701,"Man pushes car across intersection, gets hit by passing-by vehicle"
vs_3702,Woman cleans stainless steel sink with baking soda
vs_3707,Paramedics transport patient victim to ambulance
vs_3708,Man loads boxes into van for Fast Haul removal.
vs_3710,Woman airlifted to medical center after incident
vs_3711,Miami police officer shoots homeless man after attack
vs_3713,"SUV crashes into motel, pregnant woman survives"
vs_3714,Man talks about flat tire repair service outside he gets out of car.
vs_3715,Flags fly from vehicles in muddy race
vs_3718,"Car crashes into pizza shop in Lincoln, Nebraska"
vs_3719,Biker shares cycling magazine excitement
vs_3720,Making caramel apple cider with whipped cream
vs_3722,Train doors open and close repeatedly
vs_3727,Cat lying on bathroom sink with toothpaste tube
vs_3728,Child climbs through colorful play structure in park
vs_3729,Woman plays fetch with German Shepherd in enclosed area.
vs_3730,Diamond-studded Jesus pendant showcased
vs_3732,Special TV Offer: Monster Trucks DVD Set with Free Poster
vs_3737,Man in car makes shocking face expression
vs_374,Jeep parked in parking lot
vs_3740,Interior Design Showcase: Modern Living Spaces in Mumbai
vs_3741,Freestyle Soccer Tutorial: Knee Hop The World (KHTW)
vs_3747,Stove Burnerr Covers Displayed
vs_3750,Bumper cars collide unexpectedly at fairground
vs_3751,Kitten plays with tablet screen game
vs_3753,Man spraysts brick walkway with pressure washer
vs_3758,Driver helps injured pedestrian after accident
vs_3759,The Walking Dead Season Two Teaser
vs_3765,Find Truck Service Vendor 24 Hour Service
vs_3769,"Motorcycle crashes into burning car, bystanders rushes to help"
vs_377,Dog repeatedly gets out of bathtub and then back in.
vs_3770,"Police clear encampmentsments with APCs, choppers"
vs_3775,Top 10 Do's and don't's for princess party planning
vs_3776,Students perform paper airplane competition on street
vs_3777,Monster truck flips over wheelie
vs_378,Install new chimney cap for better seal and protection.
vs_3783,Man drives away from McDonald's drive-thru
vs_3784,Man throws backpack at friend
vs_3791,"Man kneels on street, bag nearby, people approaches."
vs_3795,Unicycle rider leads cycling group down street
vs_3796,Children color a Vennay diagram
vs_38,Deer Park's Colin Mead scores a basket
vs_380,Three men arrested after Spradingling Ave shooting investigation
vs_3801,13-Year-Old Arrested for Facebook Threat
vs_3802,"Biker rides on rooftop, crashes into barrier"
vs_3803,Fancy Light Yellow Heart Shape Diamond Halo Ring
vs_3804,BMX Bike Rider Performs 360 Look Back Trick
vs_3806,Dancers perform in city street during daytime
vs_3810,Create Stunning Flower Nail Art with Dotting Tools
vs_3811,Madagascar-themed scrub top medium size
vs_3814,Snow-covered trees sway gently in the wind.
vs_3816,Bus driver attacked by passenger with pole
vs_3817,Ultrasonic Cutting Machine Demonstration
vs_3819,"Bear crosses road, hit by car in Russia"
vs_382,Children play soccer game on field
vs_3820,"Woman drives while talking on phone, then pepper spray device shown."
vs_3832,Man pushed into cart on track
vs_3834,Kittenss playfully wrestle on hardwood floor
vs_3838,Flood Atlanta LLC responds to water water damage
vs_384,Three women dancing joyfully in shopping mall
vs_3840,Woman helps man put on pocket watch
vs_3841,"House Fire Destroys Home, Neighbor Saves Owner"
vs_3844,Puppy plays with toy near cage
vs_3847,"Woman takes driving test, crashes into sea, escapes narrowly"
vs_385,Man pushes stuck SUV out of sand trap.
vs_3850,Flower Girl Dress Showcase
vs_3851,Man walks past scaffolding in industrial area
vs_3852,"Man runs through room with box, others chase."
vs_3854,Showcasing a luxury watch with unique features
vs_3856,Dog chases cat around yard
vs_3857,Witnesses come forward in double DUI crash
vs_3858,Dog being bathed in bathtub.
vs_3859,Monster truck flips over collision with crowd
vs_386,Airplane flips mid-air during stunt performance
vs_3861,Truck jackknifed on snowy highway
vs_3862,Man discusses puppy training techniques outdoors.
vs_3873,Man climbs rope in gym workout session
vs_3875,Girl runs down track towards group of people.
vs_3876,Bee flies near ceiling fan blades
vs_3877,Woman practices belly dance footwork on stage.
vs_3880,"Man dances randomly on street, then's car passes."
vs_3882,FD Second Hand Home Appliances Ad
vs_3883,Basil Green Goddess Dressing Blender Recipe
vs_3885,Motorcycle rider falls off hillside track
vs_3887,Motorcycle ride during sunset
vs_3888,"Drunk Driver Flips Car Downtown, Injured Passengers Hospitalized"
vs_3892,WOM Grout Cleaning Services in Pompano Beach
vs_3894,Doll rides tricycle toy on table
vs_39,Firefighters battle large blaze at night
vs_390,Jeep navigating flooded forest path
vs_3900,Child rescued from under car in China
vs_3903,Dolphin Tiress offers professional auto service in Florida
vs_3908,Tennis game ends unexpectedly
vs_3909,Knife Glitch in Call of Duty: Black
vs_391,Color-changing LED candle light display
vs_3910,BMX Riders Compete In Indoor Track
vs_3913,Runners sprint towards finish line in track meet
vs_3917,Unicycle High Jump World Record Attempt
vs_3918,Dump truck unloads soil near construction site
vs_3926,Child makes faces while driving
vs_3927,Woman falls while trying to pick up object in kitchen
vs_3929,Metalworking machine in operation
vs_3930,Man picks up inflatable pool toy from store shelf
vs_3937,Teen rides toy motorcycle down suburban street
vs_3938,Bagati Crystal Jewelry Display
vs_3948,Cars buried under thick snow in Montreal
vs_3949,Baseball fan throws ball into field
vs_3953,Bike Race: In-app purchase retry
vs_3954,Dogs chase goats along beach path
vs_3959,"Woman speaks to reporters amid crowd, discussing royal baby birth."
vs_396,Pug and kitten face-off on red
vs_3960,"Fan chases foul ball, child falls into ground"
vs_3961,Man performs kettlebell swings and rope climbs in gym
vs_3962,Moose approaches cat near feeding station
vs_3964,"Pilot drives car, talks about base return."
vs_3967,Man adjusts wall-mounted wooden rack in room
vs_397,Woman shows off chicken with three yolkss inside
vs_3973,Dishwasher machine in operation with water wash cycle
vs_3974,"Police car crashes into tree, windshield shatters"
vs_3976,Cat plays with Roomba in kitchen
vs_3986,Group sings karaoke with microphones and props
vs_399,Unicycle rider performs daring tricks in front of crowd
vs_3991,Call of the Dead: On top of crate glitch after patch!
vs_3995,ATV riders navigate challenging terrain near vehicle
vs_4,Man walks past mailbox as car drives by
vs_400,Swimmers gather near poolside for event preparation
vs_4000,Bell with visible cracks and damage
vs_4001,Dog jumps fence and chases ball
vs_4002,Red SUV drives past in front of large trees
vs_4003,Woman dances in middle of busy street
vs_4008,SpongeBob SquarePants screams in distress
vs_4009,Man slides down water slide into pool
vs_4011,Off-duty cop Ryan Aucoin arrested for drunk driving
vs_4012,Dog plays with peanut butter jar on head
vs_4013,Gold Coast police investigate stabbing death
vs_4017,Man plays blue bass guitar indoors
vs_402,Teenager takes selfie with phone
vs_4021,Woman gets in through the pet flap
vs_4026,Mother cat plays with kitten in basket
vs_4027,Man gets pedicure treatment in salon
vs_403,Kids playing in foam pit at its foam.com
vs_4035,Cat being petted and scratched on couch
vs_4036,Game Celebrates Justice's 5th Birthday
vs_4037,Automateded traffic light changes change
vs_4038,Two men arm wrestling in front of pool table
vs_4039,Person runs out of building towards street.
vs_4042,Sidi Wire Vent & SP Carbon Shoes Comparison
vs_4046,Cat chases duck toy resembling shark
vs_4048,Boy waves goodbye while man takes selfie in kitchen
vs_4050,Steam locomotive climbs snowy track
vs_4052,Man cleans stars with pressure washer
vs_4053,"Man walks down street, interacts with crowd, then car drives by."
vs_4056,Winning Auto Accident Lawsuits in CA: Key Tips
vs_4057,Mom saves boy with CPR on baseball field
vs_4061,Runner crosses finish line amidst cheering crowd
vs_4063,Top Gear Driving School Conquer Your Fear of Driving
vs_4066,"Man climbs over fence at night, gets help"
vs_4069,Cyclo riders compete in race with support vehicles
vs_4071,Furniture showcase for bedrooms design ideas
vs_4072,Puppy steals toilet paper from bed
vs_4073,"Race cars collide mid-turn, creating chaos"
vs_4074,Laminate flooring installation: Undercutting door frames
vs_4075,Man discusses lottery ticket sales in office
vs_4078,Woman running with puppies in life jackets
vs_408,Children play on inflatable bounce house in sunny backyard.
vs_4081,Cat plays with black box on floor
vs_4082,Baby plays with toy hammer while adult reacts
vs_4083,Person opens car door handle with tool
vs_4087,Magicians Must Die Comic Deck Series
vs_4088,Jeep races SUV on drag strip
vs_409,Golden Retriever nurses puppies in box
vs_4090,Man drives away from parking lot without permission
vs_4096,Prince Charles visits railroad museum amid royal baby speculation
vs_4097,Child plays with stuffed animal while singing song about washing clothes.
vs_410,Dancer performs hop side-to-side exercise
vs_4100,Man flips and pulls large tire in gym.
vs_4102,"Cat climbs onto chair, then jumps down"
vs_4105,"Jeep stuck in mud, drivers struggles to free"
vs_4107,Woman washes truck with pressure washer
vs_4108,Sled dogs pulling sled through snowy forest trail
vs_4109,Woman poses under umbrella near race car
vs_411,"Baseball player hits home run, runs around bases."
vs_4113,Hunter shoots deer from car window
vs_4114,Pickup truck flips over mud ride
vs_4117,Puppies playfully fight in inflatable pool
vs_4122,"Swimmer runs into pool, dives in mid-stride"
vs_4123,Toddler plays soccer with family in park
vs_4124,Girl with stitched mouth held by abaptor
vs_4128,Radiant Onyx & Diamond Lever Back Earrings set in Sterling Silver for Sale
vs_4130,Track meet participants compete in various events.
vs_4133,Perryville Girls Place 4
vs_4134,Child rides small motorcycle in open field
vs_4135,Track runners compete in relay race
vs_4137,Two women engage in a-the-air fight during school assembly
vs_4139,Dog enjoys car ride with open window.
vs_4140,Ladies potato sack race ends in chaos
vs_4141,Interviewer at Disney Frozen World Premiere
vs_4143,Bicycle rider performs wheelie in empty parking lot
vs_4148,PB Teen Beadboard Storage Bed Demonstration
vs_415,Dogs playfully chase each other in grassy field
vs_4151,Cat attacks and bites another cat on street
vs_4152,Ladybug Steam Vapor Disinfection System Clean Home Experience
vs_4154,Jessica Claire discusses dating tips and dressing to impress.
vs_4155,"Family sings ""Happy Birthday"" to Momma Walls"
vs_4157,"Woman tries on shoes, man surprises her with hidden camera prank."
vs_4158,Veterinarian discusses Advantage flea treatment for cats
vs_4161,Furniture showcase for luxury bedrooms setups
vs_4164,Son surprises mother with birthday visit
vs_4165,Yellow Jeep struggles through muddy trail with passengers.
vs_4166,Interior Design Showcase: Modern Living Spaces
vs_4169,"Dog plays with toy, chaps around room."
vs_4170,Metalworking process using machine cuts and welds metal parts person inspects finished piece
vs_4176,Motorcycle rider crashes during stunt performance
vs_4177,Mechanic examines Jeep engine components under vehicle.
vs_4178,Jockey Training: Professional Sports Science
vs_418,Woman towels wet dog dry
vs_4180,Teen Struck by Lightning at Football Practice
vs_4181,Plastic textures and patterns showcase variety
vs_4185,"Woman shot, burned alive in Warren, Michigan"
vs_4187,Man in red shirt throws object at door person
vs_419,Ready-Made-Kurtinz: Highest Quality Curtains Supplier
vs_4195,Man proposes marriage at football match
vs_4196,Interior Design Showcase: Luxurious Living Spaces
vs_4197,Cat jumps to catch hanging bird feeder
vs_4198,Beaver Fever Pep Rally
vs_4200,Engine being repaired in workshop
vs_4201,Fireworks explode over stage during concert
vs_4202,Child in turtle costume falls while crawling
vs_4203,"Man eats sandwich, friend throws drink at him"
vs_4205,Discover top-rated dishwasherss in US
vs_4208,"Man jumps into frozen lake, struggles to get climb out"
vs_4209,Factory worker operates large press machine forging hot metal bar
vs_421,Dogs perform agility training in gym
vs_4210,Doctor Who: The Time of the Doctor
vs_4211,Stove Infinite Switch Replacement Safety Tips
vs_4213,Man pressure washing concrete steps outdoors
vs_4214,Man discusseses recent events on social media.
vs_4215,Squirrel jumps over fence and lands safely
vs_4218,"Biker crashes into tree, bike falls apart"
vs_422,Motorcycle riders chase police officer on highway
vs_4220,Crowd gathers around police vehicles at night.
vs_4221,Lego City 2013 Tanker Truck Assembly
vs_4225,Monster truck performing fails spectacularly
vs_4227,2011 BMW X5M Twin Turbo vs 2011 Chevrolet Corvette Grand Sport LS3
vs_4228,Plastic bag production line demonstration
vs_4230,Man cleans glass door with sign
vs_4235,"Squirrel sings ""Take This Job and Go"""
vs_4236,Man in car hands gun to police officer
vs_424,"Van drives onto wrong side of highway, narrowly avoids collision"
vs_4243,Abandoned classroom with deteriorating furniture and broken piano.
vs_4244,Car drives past snowy gas station
vs_4248,Man falls down stairs while skateboarding
vs_425,Michael Jackson crowd-surfing during concert
vs_4250,Man discusses website content at desk
vs_4253,Man runs along beach carrying bodyboard
vs_4255,"Champ Bailey sold for 750,000"
vs_4257,How Replace filters on Dyson DC05 vacuum
vs_4259,Lego Rowing Competition: Team Celebration
vs_426,"Black cat rolls over floor, plays with toy"
vs_4261,"Biker crashes into tree, rider falls off trail"
vs_4262,Construction workers repair power lines on street
vs_4263,Horse rider successfully clears obstacle course
vs_4269,Man demonstrates carpet cleaning technique with dog present
vs_4271,U.S. Capitol Shooting: Female Suspect Shot and Killed
vs_4272,Motorcycle overtakes car on Santa Cruz HWY
vs_4275,Boys' 60m Hurdles Awards Ceremony
vs_4276,Fishing tutorial: Walk the Dog lure retrieve technique
vs_4279,Liori Diamonds New York showcases exquisite engagement ring
vs_4280,Fan catches foul ball in the stands.
vs_4281,Sewing machine stitching leather piece
vs_4282,Police officer uses suspect on ground
vs_4285,Pam'ss Dog Academy Loose Leash Walking Training
vs_4289,Great Dane chases fris ball
vs_429,Two men fight on gym floor
vs_4290,Dual Robot Water-jet Cutting Steel Fence Panel
vs_4291,Man pets and plays with cat on bed
vs_4292,Creating Flat Patterns in Autodesk Inventor
vs_4293,Man spins basketball on finger
vs_4295,Real Estate Company Offers Fast Cash for Houses
vs_4298,"Child rides scooter down residential street, jumps ramp"
vs_4299,Making a Apple Pie Step-by-Step Guide
vs_43,"Dog Trainer Teaches German Shepherd Sit, Down, Stay Commands"
vs_4301,Street Performer Gets Well-Deserved Punch
vs_4303,Girl dances in classroom while others watch
vs_4305,Bear chies towards house through window
vs_4313,Denim sewing machine in operation
vs_4314,Diamond heart-shaped ring showcased in red box
vs_4318,Liori Diamonds New York showcases elegant engagement ring
vs_4321,Beyonca performs on stage amid glowing fans.
vs_4326,Man pushes bicycle into parked cars causing chaos
vs_4327,Cat drinks water from toilet bowl
vs_4329,Boy learns to ride bike with help
vs_4332,Man with mustache makes faces and talks
vs_4333,Man performs push-ups with kettlebell in gym
vs_4336,Parkour Innovation Team training mishap
vs_434,Man jumps off roof into pool below
vs_4341,"Police officer kicks suspect, suspect falls."
vs_4342,Building Collapse Rescue Efforts
vs_4343,Freedom Windshield Repair Service Advertisement
vs_4344,Motorcycle rider crashes into another on road
vs_4348,Track athletes compete in hurdles race
vs_4351,Liori Diamonds New York showcases elegant diamond rings.
vs_4352,Dog plays tennis on outdoor court
vs_4354,Dump truck loaded with dirt by bulldozer near riverbank
vs_4355,Chris Carter dives for ball in left field.
vs_4356,Mark demonstrates the Park Tool TS-2.2 Professional Wheel Truingng Stand.
vs_436,Volgograd train station bombing aftermath and security response
vs_4360,Dog plays on pool deck
vs_4361,Blue car drives away from parking spot
vs_4362,Woman dies after car crashes into creek
vs_4372,"Dog hides in cozy pet bed, looks out curiously."
vs_4376,Man dressed as Pinocchio dances on campus path
vs_4377,Pickup truck lifted onto crowd's delight
vs_438,Dog chersases itself in grassy field
vs_4380,Dog plays with potato in backyard while owner works
vs_4381,Express Tire Beach Sale Promotion
vs_4382,LED panels illuminated in various colors on shelves
vs_4384,Bella plays with toy near owner asks for it.
vs_4385,Japanese commuters push train to rescue woman
vs_4386,Boys engage in pillow fight in kitchen
vs_4394,Chihuahua Mix Puppy Plays Fetch
vs_4396,"Man jumps from rooftop, lands on street, runs away"
vs_4399,Motorcycle rider stops on highway median
vs_440,Pickup truck performs burnout on racetrack
vs_4401,Osceola Garage Tire Center Advertisement
vs_4403,Miracle Foot Repair: Instantly Softens Feet
vs_4404,Sewing machine in operation showcasing precision workmanship
vs_4407,Boy chuffs puppy with leash in yard
vs_4408,Child runs into TV screen while family watches
vs_441,Mirror TV displaying various scenes
vs_4413,Street dancers perform break moves in Times Square.
vs_4415,Biker crashes into spectators flee
vs_4416,Band performs energetic birthday party concert
vs_442,Diamond engagement ring showcased on rotating stand
vs_4426,"8-Year-Old Takes Sister in Mom's Car, Tragically Ends"
vs_4435,Flatfoot Causes Foot Sliding Off Flip Flop
vs_4436,Mechanic demonstrates car door safety features
vs_4437,Relay Race: Kresty Rueue Wins First Place
vs_4438,Man repairs water pump system
vs_4443,President Bill Clinton delivers a speech
vs_4446,Woman performs pole dance routine in studio.
vs_4447,Monkey Hook Installation: Easy Picture Hanging Solution
vs_445,"Blue car drifts through race track with smoke, flat tires joke overlaid"
vs_4450,How Automateded hints from the same video
vs_4452,Woman demonstrates shoe modification technique
vs_4453,Obama discusses LGBTQ inclusion in Scouting
vs_4457,Smart Corner Desk Features Showcase
vs_4461,Driver arrested for drunk driving at night.
vs_4462,Dog trainer teaches puppy to follow commands on leash.
vs_4464,Monkey attacks police officer during traffic stop in Texas
vs_4468,18K White gold round cut diamond engagement ring halo prong set 2.68ctw KNR Inc.
vs_4470,Track runners compete in relay race
vs_4471,Teaching Agility Ladder for Dog Training
vs_4472,Deer runs past parked vehicles in wooded area
vs_4473,Puppy plays with hand inside crate
vs_4474,Getting Rid Of Junk Car - CA
vs_4477,New York Jets: Power Hittinging
vs_448,Woman models purple yoga skirt
vs_4480,Cows fly across highway after truck flips
vs_4481,Cooking a Scrambled Eggs on Stove
vs_4483,Drag race cars compete on track
vs_4484,"Man jumps onto chair in dark, then gets up, walks away."
vs_4485,White car tire spinning on asphalt
vs_4486,Pickup truck acceleratesateses on drag strip
vs_449,Group of people fight in barn
vs_4494,The Growler: Howling Wolf by Neil Hardie
vs_4496,Motorcycle rider performs aerial stunt over hillside
vs_4498,"Police officer pulls over driver, engages in physical altercation"
vs_450,Man runs from garbage truck as it reverses
vs_4506,Small Plane Crash in Bolingbrook
vs_4507,Kitchen appliances suddenly open and close repeatedly
vs_4509,WSU Cell Phone Peepers Incident
vs_4510,Woman showcases antique furniture in store
vs_4513,Guatemalans create giant flower carpet for Pope Francis
vs_4515,Men fight in bathroom mirror reflection
vs_4517,"Child swings high, falls onto ground."
vs_452,Keep Your Dog From Jumping on Kitchen Chairs
vs_4520,Woman Feeds Dog with Text Overlay
vs_4522,Man dances wildly in room
vs_4525,Motorcyclists riders navigate icy waterds.
vs_4528,Bicycle rider falls in parking lot
vs_4529,Woman pets German Shepherd dog on belly.
vs_453,Car drives cautiously through snowy forest road
vs_4530,Throwing Tips for Styling Your Living Room
vs_4532,Folding a Flat Diaper for Preloading
vs_4533,Birds feeding chicks in a tree
vs_4535,Dog Dreams About Squirrels
vs_4537,Man cuts shark's fin on boat
vs_4539,Man takes selfie on lake with friends
vs_4540,"Jeep stuck in snowy forest, driver struggles"
vs_4546,APC Cab advertises taxi services for London airports.
vs_4547,Man plays with puppy on bed
vs_4548,Tayay Makes a Sandwich with Banana Chips and Blueberry
vs_455,Child dances joyfully in pajamas.
vs_4552,Track runners sprint towards finish line
vs_4553,Girl Killed While Walking to School
vs_4555,Chicago prison break: Felons escape via skyscraper window
vs_4556,Man inspects commercial refrigerator outside door cooler
vs_4558,Cleaning kitten with baby wipes
vs_4560,Man discusses peanut butter jelly sandwich in room.
vs_4561,School Bus Held Hostage
vs_4562,Man picks up child from ground in field
vs_4563,Man helps person lying on ground in public view
vs_457,Dog plays with ball while puppy rests nearby.
vs_4573,"Car stuck in deep water, rescue operation underway."
vs_4576,Woman plays fetch with dog near water throw toy.
vs_4577,"Dog ""talks"" to camera in office setting"
vs_4578,Boy rides scooter down ramp in skatepark
vs_4582,"2014 Lighting of the Christmas Tree (Bagpipe Marching Band) - Downtown Punta Gorda, FL"
vs_4585,Cat rolls over the ground and says goodbye
vs_4591,Baby plays with toy car and Thomas the Tank Engine box.
vs_4592,Woman makes exaggerated facial expressions repeatedly
vs_4595,Garage Door Repair Woodland Hills
vs_4597,"Blue alien mask appears, string pulls toy airplane"
vs_4598,80 Year Old Arrested for 2nd Crack Charge
vs_4599,Man Feeds Alligator in Hot Tub
vs_46,Man performs backflip into foam pit
vs_4601,"Model showcases LouiLux dress with ""So Much Love"" music by Fedde Le Grand"
vs_4603,Mr. Mark jumps the fuel pump relay on Jeep Cherokee.
vs_4609,Man seen through partially open door in dimly lit room
vs_4616,Dog plays with tire while panting
vs_462,Jeep drives through muddy forest road
vs_4621,Motorcycle chase ends in crash
vs_4622,Dog wearing roller skates shoes runs around house
vs_4628,Computer screen displays animated face-changing video clips
vs_4629,Children play tag game outdoors
vs_463,Jeep being rescued from rocky terrain using cable assistance
vs_4631,Track runners start off race
vs_4632,Horses pull tanker truck through snowy road
vs_4635,Race Car Crash Near Finish Line
vs_4639,"Bicycle rider crashes into tree, falls off road"
vs_4643,"Man rides bike through parked cars, narrowly avoids collision"
vs_4648,Geek discusses TV show replacements and favorites.
vs_465,Horse rider performs dressage maneuvers
vs_4650,Woman twirls skirt in rice field
vs_4652,Snowmobile race crashes into barrier
vs_4654,"Woman speaks into microphone, gesturing actively."
vs_4655,Child runs past ice cream van while playingfully chasing toy car.
vs_4656,"3-year-old boy stuck in window, man holdss him for 10 minutes"
vs_4657,Packaging machine sealing snack box
vs_466,A Rubber Ball Baby Loops-the-Loop
vs_4660,Man climbs tall wooden pole outside balcony
vs_4663,Ski Store Shuts Down Weeks Before Ski Season
vs_4665,"Red car drives through red light, narrowly avoiding collision"
vs_4667,48 Hour Apple Cider Vinegar Detox Diet Cleanse
vs_4671,Training puppy for bird retrieval
vs_4672,Man falls while trying on coat in store
vs_4673,"Man in cowboy hat talks in car, then man in white shirt joins, both smile and laugh."
vs_4675,Wind chimes hanging from house
vs_4676,"Mum sold baby to buy car, accused of charges by Police"
vs_4678,"Baseball player hits home run, crowd cheers"
vs_4682,3D bathroom design comparison using
vs_4688,Monster costume laid out on of floor.
vs_4689,Clackamas Town Center Mall Shooting Incident
vs_469,Child rides modified bicycle with engine on sidewalk
vs_4694,Welcome to LABH GROUP!
vs_4700,Boy rides bike with training wheels in parking lot
vs_4703,Welcome to Langham Garden Buildings
vs_471,Recover Data with Disk Drill on Mac
vs_4717,A Warming Fireplace with Natural New England Stone
vs_4720,Sterling Silver Wire Drawing Technique with Third Hand Tool
vs_4725,Police officer discusses fatal hit-and-run incident involving homeless man.
vs_4727,Marines Inspecting and Loading Rocket Launcher
vs_4728,Tanker truck rear-ended by car on highway
vs_4729,Child rides snowmobile in snowy neighborhood
vs_473,Woman arrested for allegedly abusing baby
vs_4730,Baby Refuses to Eat in High Chair
vs_4733,Fixing Whirlpool Front Load Washer Spring Issue
vs_4737,Jeep Drives in Mud Bog
vs_4739,Man falls into inflatable basketball court slide
vs_474,Zerg wins with 11 units remaining.
vs_4740,Vintage floral trays showcased in close-up.
vs_4741,Woman throws shot put during track meet
vs_4743,Dog chags at laser pointer on floor
vs_4744,Dumbbell Hang Power Clean and Press
vs_4747,Two dogs playfully wrestle near door
vs_4748,Find quick local contractors for roof repairs.
vs_4749,Dogs playfully chase each other in snow-covered yard
vs_4750,Victoria's Secret Secret Embrace Bra Commercial
vs_4755,Pug Puppies Playfully Chewing on Owner's Feet
vs_4760,Vintage Quilt Displayed
vs_4769,Woman models olive green pants against white backdrop
vs_4770,Worker operates large large press machine
vs_4776,Zoo employees deceive visitors with fake animals
vs_4778,Track runners compete in hurdles race
vs_478,Interior Design Showcase of Modern Living Spaces
vs_4781,Police chief speaks to media on New Year celebrations
vs_4783,"Land Rover stuck in mud, being pulled out"
vs_4784,Men's Dog Tag Pendant with 38 inches Necklace - 24k Gold Plateded
vs_4786,"Child opens door door, dog follows inside."
vs_4787,Motorcycle stunt show attracts crowd
vs_4788,Check Engine Light On: Hance Auto Care Advice
vs_479,Forklift loads cargo onto ship in port
vs_4790,Mr. Chris the jeweler showcases a diamond pendant
vs_4795,"Surfing Birds perform ""Rock and Roll High School"" tribute"
vs_4796,"Fan catches foul ball, child held up in excitement."
vs_4797,Train arrives at platform at Jamaica Beach JFK station
vs_4798,Information wanted about hit and run driver
vs_4799,Two boys playfully interact in living room.
vs_4800,"Child sleds down snowy hill, falls, and gets help from adult."
vs_4806,Nissan Leaf Celebrates First anniversary with 32 million gas-free miles.
vs_4807,"Car crashes into pole, bursts into flames"
vs_4809,Two men repair red truck in woods
vs_4812,Guinea Pig Eating Cucumber in Cage
vs_4814,Motorist attacks another driver at Seneca Niagara Casino parking lot
vs_4817,Man wearing sunglasses and cap makes faces at camera
vs_4818,Archie plays fetch in the secret yard
vs_482,Robberort suspect attacks on store
vs_4820,Steve Wilkos discusses DNA testing results
vs_4827,Man discusses legal rights for drunk driving victims.
vs_483,Will Smith slaps reporter at 'Men in Black Black
vs_4831,Custom Painted Girls Castle Bunk Bed with Slide and Stairs
vs_4832,Toddler climbs rock wall with adult encouragement.
vs_4834,Man washeses Harley-Davidson motorcycle outside front of house.
vs_4836,Portable water heater installed outdoors.
vs_4838,Teen jumps over skateboarderboarder fails
vs_4839,Temple Emanuel Celebratesates Deli Day feast draws hundreds
vs_484,Students perform synchronized dance routine on stage
vs_4843,Man on roof holding pole at night
vs_4844,Woman jumps onto bunk bed in bedroom
vs_4845,Puppies playfully chase each other indoors.
vs_4846,Man jumps into pool from patio
vs_4848,Man performs backflip off trampoline
vs_485,Man falls into water from sailboat
vs_4851,Red truck drives past crowd at night
vs_4853,Motorcycle rider approaches from distance on dirt track.
vs_4854,The Floor Barn Showcases Flooring Options
vs_4855,Garage Door Sensors: Clear Webs Interference
vs_4856,"Woman discovers husband cheating, house burns down"
vs_4859,Lego Cement Mixer Construction Scene
vs_4860,Applliances Online: Exploring Washing Machine Features
vs_4868,Four women posing confidently on red couch
vs_487,Bad Rabbit Incident at Disneyland
vs_4878,Swimming pool design and animation showcase
vs_488,Toddler plays with walker in living room
vs_4881,Woman showcases handmade high-low skirt and outfit.
vs_4884,"Man in mask appears, chaos ensues"
vs_4886,"Motorcycle rider suddenly stops in front of car, causing collision"
vs_4888,"Man jumps into inflatable slide, falls down"
vs_4889,Man in white shirt confronts another man in alleyway
vs_4890,Man dancing on green screen
vs_4891,Woman feeds dog peanut butter from spoon
vs_4894,"Man jumps onto car, grabs driver, and drags him away"
vs_4897,Child plays with toy Elmo in car seat
vs_4899,"Man eats Doritos chips while driving, gets surprised by woman"
vs_4900,Child performs backflip down stairs
vs_4902,Cat jumps into grab toy inside box
vs_4906,Bob's Burgers family explores mysterious house
vs_4908,FC 201 Mountain Bike Riding Coming Soon! Advertisement
vs_4909,Man uses pressure washer on brick walkway
vs_4910,Tennis player practicing volleys
vs_4911,Jeep flips over driver loses control
vs_4916,Bunny plays with toy in office room.
vs_4917,Top 10 Do's and don't's for princess party planning
vs_4926,Lose-N-GOOD 10-Day Challenge: Power Might Detox & Diet Plan
vs_4929,Chef prepares crispy pancakes with unique filling technique
vs_4930,Easter Bunny Refuses to Touch African American Children
vs_4931,Bulldog Chases Leash Holder in Playful Pursuit
vs_4932,Black dog nursing puppies on blanket
vs_4938,Girl rides tricycle on snowy street
vs_4940,Man dances joyfully near Christmas tree lights sparkle
vs_4941,Woman carries sleeping child while managing four dogs in park.
vs_4943,Woman unpacks large fabric pattern envelope
vs_4948,Drag racing car speeds down track
vs_4951,Replace Refrigerator End Cap Without Tools
vs_4956,Man lying on bed approached by person with gun
vs_4958,Standing Long Jump Test Demonstration
vs_496,"Child rides bike, falls off wall"
vs_4960,Puppy playingfully rolls around with stuffed toy on carpet
vs_4962,"Jeep drivers stuck in muddy river, others assist"
vs_4963,Woman showcases BMW hubcaps in warehouse
vs_4965,Painting baseboard with tape and magic marker
vs_4967,"Person holds phone while charging, displaying call interface."
vs_4970,Motorcycle rider killed in Mesa crash
vs_4971,Snow White signs autograph for young fan
vs_4973,Red toy car spins and moves on pavement
vs_4978,Nick Jr. Intro Animation
vs_4979,"Dog runs through house, jumps onto couch"
vs_498,Boy with chocolate-covered face sits smiling.
vs_4981,Construction Worker Explains Safe Working Load for Wire Rope Rigging
vs_4983,Marine Killed: Family Remembers Fallen Soldier
vs_4984,Monster truck successfully completes obstacle course.
vs_4990,Chick-fil-A Launches Healthy 100 Kids Program
vs_4992,Person inflates green balloon in sunlight
vs_4993,"Group gathers around water machine, pours liquid into drum."
vs_4994,Pole Dancing Tutorial: Basic Twist Technique
vs_4995,Turner Chiropractic: Olympic-Quality Care for Gymn
vs_4999,Clean It Up! Carpet Cleaning: How Carpets Get Worn Out and Matted
vs_5,Woman talks on phone in hot tub
vs_500,Army band marching through town
vs_5000,The Wool Tie: A Floppy Silk Tes.
vs_5001,"Silver Mercedes-Benz collides with red BMW at crossroad, both flee."
vs_5002,Woman gives birth in hospital hallway
vs_5003,"Man climbs onto roof, jumps off building"
vs_5004,Smartphone repair process using TVC Mall
vs_5005,"Town shooting leaves three dead, four injured in rural PA"
vs_5006,Insanity 60-Day Total Body Conditioning Program Results
vs_5007,Red Pepper Deli & Grill: Serving Hawks for Over 30 Years
vs_5008,"Woman texts while driving, ignoring road"
vs_5009,Incredible Hit-and-Run: Man Survives
vs_501,Woman being bitten by snake in bedroom.
vs_5010,Pickup trucks racing on dusty track
vs_5013,"Woman spins chair in office, causing chaos"
vs_5015,Commercial Live Load Enhancements in Javelin Software
vs_5018,"Man lifts heavy stone, loses balance"
vs_5019,House with broken windows and fence
vs_5021,Track runners compete in relay race
vs_5023,Woman drives away with baby strapped to car seat
vs_5024,Two black poodles playfully chase each other in grassy field.
vs_5025,Puppy plays with dog bowls on hardwood floor
vs_5026,Mini Motorbike Pit Bike Racing Slow Motion Jumping Highlights
vs_5029,Cops rescue boy from runaway shopping cart
vs_5032,Man falls into stream while running through woods.
vs_5034,Parrot-themed ride spins at fun at fairground
vs_5038,Boy hides behind shower curtain in bathroom
vs_5041,We Buy Houses in Atlanta for Cash
vs_5044,Dog plays fetch with ball in grass circle
vs_505,Traffic jam at busy intersection in snowy city
vs_5050,Man jumps from cliff into river below
vs_5052,Baby laughing joyfully on bed
vs_5053,Woman helps man put on wig in dressing room.
vs_5054,Violent Match Stoppage: Injured Fan Transported by Helicopter
vs_5055,Police car crashes into parked vehicle
vs_5057,Man jumps from balcony into crowd
vs_5058,Kids playing video games in a dark room with colorful lights.
vs_5060,Driver adjusts dashboard components in red car.
vs_5062,Driving through Jeffrey Pine Forest on Highway 120
vs_5070,Police officer issues ticket to driver for speeding
vs_5073,Firefighter rescues dog from frozen pond
vs_5076,Building Open EVSC Kit with Local Motors
vs_508,Top 7 Tips for Homemade Dog Food Preparation
vs_5083,Woman asks about filming at town hall event
vs_5085,Hit-and-Run Vigil Southeast Portland
vs_5087,Dogs Surfing and Playing in Water
vs_5088,Family Surprised: Disneyland Trip Announced
vs_5091,"Car drives fast on racetrack, tires smoke"
vs_5092,A-1 Vacuum Manager Discusses Pet-Friendly Vacuums
vs_5093,Man helps child win prize at claw machine
vs_5095,"Dog plays with blanket, fetches game."
vs_5098,Alpenglow Vacation Rentals Townhome Tour
vs_51,Interior Design Showcase of Modern Spaces
vs_510,Worker places bottle caps onto conveyor belt
vs_5100,"Woman beats friend for infidelity, then begs forgiveness"
vs_5104,Automobile drives along tightrope
vs_5107,"Man climbs down building roof, swings into safety"
vs_5109,Man climbs tree during NY Giants parade
vs_5110,Hamtrac Product Demo
vs_5113,Fire spinner fails spectacularly
vs_5117,Bicycle rider performs wheelie on street corner
vs_5119,Baby Changing Table Safety Tips
vs_5122,Feedinging turtles eagerly in water.
vs_5124,Man demonstrates Glad Handle-Tie bags outside home.
vs_5125,Princess Cut Three Stone Diamond Wedding Rings Set In Channel Setting 14k White Gold
vs_5128,"Woman swims in pool, man helps her out"
vs_5129,Motorcycle stunt riders perform aerial tricks
vs_513,UCI Mountain Bike World Cup Race
vs_5130,Knockouts Network Daily with Vivian Kellie
vs_5132,School bus drives through raging floodwaters
vs_5133,Man performs exercise on parallel bars in park.
vs_5137,"Jeep stuck in mud, other others assist"
vs_5138,Jeep drives through muddy forest path
vs_5141,Dog enjoys ice cream on couch
vs_5143,Pedestrian Killed by Drunk Driver
vs_5147,Hitch City Offers Bike Racks & Accessories
vs_515,Ontario Health Study Surpasses Enrollment Goals
vs_5151,Puppy Chases Ball in Yard
vs_5152,14 Karat White Gold Round Diamond Engagement Ring ES106
vs_5153,White fluffy dog rolls around on rug
vs_5154,Murder Investigation at Pompey Park
vs_5155,Track athletes compete in hurdles race
vs_5156,Biker nearly hit by car while cycling
vs_516,Dressing Up Small Dogs in Baby Onesies
vs_5162,Fire burning near debris pile near roadside
vs_5165,Healthy Brownies: Swap Ingredients for a Better Treat
vs_5166,Kitten licks finger while being held
vs_5167,Determine the best pet food for maximum kidney health for your dog
vs_5168,"Man trapped under truck, bystandersers lift vehicle"
vs_5177,Egg Salad Sandwich with Doritos Chips
vs_5178,Farmers bicycle art displayed in field
vs_518,Teen Killed in Drug Bust
vs_5180,"RC car jumps ramp, lands on grass"
vs_5181,Man uses hammer to break through wall
vs_5183,Child crawls through doorway into bright light
vs_5185,Band member jumps into crowd during concert
vs_5186,Go Daddy Headquarters: Stuffed Animal Fight Club
vs_5189,Big Backyard Swing Sets: Fun for All Ages!
vs_5192,McDonald's breakfast meal deal promotion
vs_5196,Interior Design Showcase: Modern Living Spaces
vs_5197,"Woman performs full plank, burpees, mountain climbers, and v-sit-ups in gym."
vs_5198,Men push stuck SUV out of snow drifts
vs_52,Yorkie Dog Grooming Process
vs_520,Africa Gems: Trusted Gemstone Expert Since 1984
vs_5200,Crowd gathers around bright light source
vs_5204,Ultimate Pink Party Bus Experience: Best Prices Guaranteed - Advertisement
vs_5205,Kitten plays with golden ball on floor.
vs_5207,Jackson Strong lands first-ever front flip at X Games
vs_5208,Concrete floor being poured and smoothed
vs_5209,Drain Washer & Open Door Without Power
vs_5210,Fire spreads rapidly from chip pan
vs_5213,Urban Complex Map of Gurgaon-Manesar 2021
vs_5214,Modern office spaces tour showcasing various layouts
vs_5217,Training Tiny Dog with Sit Means Sit Collar
vs_5218,Football game with Oregon mascot on field
vs_5221,Construction workers build concrete structure outdoors.
vs_5225,Dog barks while watching watching YouTube video.
vs_5227,"Tails sings ""Peanut Butter Jelly Time"" repeatedly"
vs_523,Swimmers compete in a-ground pool race
vs_5230,Two men do push-ups together in gym.
vs_5231,Man charged with DWI after hitting pregnant woman
vs_5233,Man runs from polar bear chasing him
vs_5234,Dog runs into person squatting in dog park.
vs_5236,Car clamped by parking enforcement officer
vs_5237,Removing spray head from kitchen faucet
vs_5238,Replacing Thermostat Batteries
vs_5240,Metal bending machine in operation
vs_5241,Interior Design Showcase: Modern Living Spaces
vs_5244,Jeep navigates through snowy forest trail
vs_5246,Send invitations 3-4 weeks ahead for parties.
vs_5253,Hot Dog character customization menu appears
vs_5254,Disabled dog explores garden in wheelchair
vs_5256,"Driver loses control, crashes into tree"
vs_5258,Kids climb and zipline through adventure park obstacles
vs_5259,American flag-themed truck acceleratesers
vs_526,Africa Gems: Chocolate Chalcedony & White Sapphire Ring
vs_5261,Pug puppy explores car interior
vs_5262,Excavatorors lifts large concrete slab onto construction site
vs_527,Bear climbs ladder near man watches
vs_5274,Indians want justice for rape victim: Protesters demand police protection
vs_5277,Swimmers race in indoor pool with spectators
vs_5284,Toddlers escapes car crash narrowly
vs_5286,Fork pierces water balloon filled with water
vs_5289,Man celebrates birthday with cake and friends
vs_529,Jeep drives through muddy waterway
vs_5290,"Cat chatters at toy, runs down hallway."
vs_5291,Car drives through flooded forest river
vs_5292,Seven-year-old hula hoops expert impresses
vs_5296,Bike the Bay: Students Bike Across California
vs_530,Police officer shoots 13-year-old boy with toy gun
vs_5300,Man climbs onto onto forklift in grassy area
vs_5301,Stewie doggy encounter on street
vs_5304,Boy jumps into trampoline and lands in foam pit
vs_5306,Man runs away from group of people at night
vs_5308,Man jumps into pool during party
vs_531,Young speaker delivers powerful speech
vs_5311,Whirlpool Gas Dryerers Sale
vs_5312,Yellow car drives through wet course in rainstorm
vs_5313,Motorcycle crashes into bridge railing
vs_5315,Bicyclist helps turtle cross fence gap
vs_532,Top 7 Do's and Don'ts for Princess Party Planning
vs_5321,Factory worker operates automated packaging machine.
vs_5322,Interior Design Showcase: Modern Living Spaces
vs_5324,DVDs are worth a thousand words in a DUI case
vs_5325,Cat Grooming Dog on Couch
vs_5326,Cat plays with remote control on couch
vs_5328,Factory workers operate a large industrial machine.
vs_5329,Ducklings playfully splash in bathtub with floating vegetables
vs_533,Valentine's Day Heart Mini Mini Purse Craft Tutorial
vs_5330,Toddler plays with toy car while family watches
vs_5331,Baby birds waiting for food in nest.
vs_5332,Dog rides tricycle down street
vs_5335,Dog chases ATV rider through snowy forest
vs_5336,"Man pulls multiple cars, breaks Guinness World Record"
vs_5339,Woman in hospital bed enjoys ice cream
vs_534,Woman and child playfully climb into dryer door
vs_5342,Hurricane approaching Florida and the Bahamas
vs_5343,Man jumps over ladder in workshop
vs_5344,Puppy Plays with Toy on Couch
vs_5347,Gas stove burner ignites unexpectedly.
vs_535,"Drunk driver crashes into explosive Mercedes, causing fiery explosion"
vs_5351,Two men practice leg kicks with leg kick pads.
vs_5353,"Man walks into traffic, narrowly avoids cars"
vs_5355,Children's race competition with cheering spectators
vs_5356,Dog chags at person walking on leash
vs_5359,Facelift Treatment with Multiple Benefits
vs_536,TRX Bootcamp Workout Session
vs_5363,Mechanic inspects tire treads under vehicle lift
vs_5366,Deadly Motorcycle Crash in West Tulsa
vs_5368,Woman faces prison for beating baby to death
vs_537,Turkish protesters accuse media of siding with government
vs_5370,Man fixes car tire in garage
vs_5372,Batman figurines engages in mock combat
vs_5374,Woman decorates pine cones for Christmas ornaments
vs_5375,Water leaks from sink pipe under bathroom cabinet
vs_5377,Dachshund fashion show draws crowds in Krakow
vs_538,Husband shoots wife to death in Flagler County
vs_5385,KILLER GIRLS SHOWBAND - Dancing Queen
vs_5386,Interior Design Showcase: Modern Living Spaces
vs_5388,Crowd cheers at performer on stage.
vs_5389,Man falls while skateboarding in park
vs_5390,Train carrying concrete blocks through snowy forest
vs_5393,Snowmobile rider navigates through snowy forest trail
vs_5396,Power Wheels Ford F_150 toy truck review
vs_5398,Light bulb experiment with wires connection
vs_54,"Man walks through door, enters room, interacts with others."
vs_540,Cat curled up on leopard print pillow
vs_5401,Court hearing for animal cruelty charges
vs_5403,Train journey with Manchester City players
vs_5404,Woman demonstrates brake application technique in car.
vs_5407,"Dog lying on grass, scratching itself"
vs_5412,Man plays soccer with child in backyard
vs_5413,Woman sets up cat litter box with toilet seat
vs_5414,Child plays with toy gun near TV screen
vs_5418,Girl'ss 4000 meter dash race
vs_5419,Africa Gems: 27 Years of Trusted Gemstone Expertise
vs_5420,People rescue stranded vehicles in floodwaters
vs_5421,Homeless man with God-gifted voice discovered
vs_5424,"Six-year-old disrupts basketball game, chaos ensues"
vs_5428,"Man hits pinatia, crowd celebrates with confetti."
vs_5430,Fixing a leaking shower faucet with Terry from Towers Murray Plumbing.
vs_5437,Parents protest school budget cuts at community meeting.
vs_5442,Statue of Liberty pillow showcased
vs_5443,Making Ice Cream with KitchenAid Ice Cream Maker Attachment
vs_5444,Man works on motorcycle in garage
vs_5445,Swimmer dives into start win
vs_5446,Pacific Floor Company: Gym Floor Annual Recoat
vs_5450,Red Bull Crashed Ice: Downhill Skating Competition
vs_5451,Bicycle locked to car bumper
vs_5452,Quick Pet Wash System Setup in Seconds
vs_5454,Children decorating gingerbread cookies
vs_5456,Navy Jet Crash Kills Tenant
vs_5459,Children playfully interact in apatient room.
vs_5460,Woman walks dog through snowy backyard
vs_5461,Monster Truck Show: Off-Road Action
vs_5463,"Hunter falls from tree, rescue underway"
vs_5464,BMX Riders Compete High Jump
vs_5466,Vertical Jump Training Guide for Athletes
vs_5467,Man performs leg raises exercise on mat.
vs_5474,Stacked silver bracelets rotating on white surface
vs_5476,Man climbs onto street lamp in Prague square
vs_5478,Police chase with flashing lights and sirens
vs_5479,German Shepherds playfully chase each other in sunny yard.
vs_548,Deadpool swings through city
vs_5480,Quad riders struggle through muddy water.
vs_5484,Man washes dog on rooftop
vs_5488,DinoDirect showcases elegant jewelry set
vs_549,Drag racing event with spectators and competitors.
vs_5490,Children play in water fountain on sunny day
vs_5491,Black Mini-Rex Bunny Rabbit Playing In Snow
vs_5492,Military band plays tribute in cemetery
vs_5493,Hot Water Heaters: Understanding Noisy Sounds
vs_5494,Interior Design Showcase of Luxury Spaces
vs_5497,Dog plays basketball with hoop
vs_55,Motorcycle crashes into van at intersection
vs_5503,Skateboarderer jumps into foam pit
vs_5504,"Megan Fox visits social project in Heliopolis, Sao Paulo"
vs_5510,Adult takes ball from child during baseball game
vs_5512,Dead Mouse Found in Monster Energy Drink Leads to Lawsuit
vs_5513,Woman explains baby gate in doorway to kitchen
vs_5514,Man pulls car stuck in snow with rope
vs_5516,Liori Diamonds New York showcases stunning engagement ring
vs_5517,Women's Rights Protest in Iran
vs_5520,Dog jumps into bed and plays inside
vs_5521,Toddler plays with ball on sidewalk
vs_5522,Man speaks about shooting incident near fence
vs_5524,Drag racing car acceleratesers down track
vs_5530,Motorcycle rider narrowly escapes truck collision
vs_5531,Skateboarder falls off ramp
vs_5533,Cat hides under couch cushions
vs_5534,Woman Celebrates 70th Birthday
vs_5535,"Woman runs towards speeding car, avoids collision"
vs_5540,Man hits kite with baton in backyard
vs_5543,Pickup truck towinging car through snowy road
vs_5549,Motorcycle rider crashes into police officer in GTA game
vs_555,Armed robbery at convenience store
vs_5550,Chris Brown faces court hearing over judge orders more probation hours
vs_5552,Homemade Ice Cream Without an Ice Cream Maker
vs_5553,Yellow dirt bike inspection and start
vs_5555,Dog chases frist in field
vs_5559,Baby plays with inflatable ring indoors
vs_5560,Dog interacts with toilet lid in bathroom
vs_5561,Man rides small motorcycle on residential street
vs_5562,"Parachutist falls from plane, crashes into building"
vs_5565,Billy Dean sings Ohio State Fight Song on Sports Grill wager
vs_5566,Lug nuts warning detected in parking lot.
vs_5567,Group mountain biking on dirt trail together
vs_5569,Athletes sprint towards finish line in track race
vs_5570,Car accident with smoke billowing from vehicle
vs_5571,Miniature green bicycle with blue rims and cranks.
vs_5572,Two girls fight in a woods
vs_5574,Dogs chase each other through house corridors
vs_5576,Toilet paper stuck in washing machine
vs_5578,Beach Fitness Bootcamp Workout in Greece
vs_5579,Happy Birthday from all your friends on Dogbook
vs_558,Child plays with maze toy in playground
vs_5580,"Biker rides through large puddle, splashes water car"
vs_5582,Winter traffic jam due to snowstorm
vs_5586,Brother HC1850 Computerized sewing and quilting machine review
vs_5587,Interior Design Showcase: Modern Spaces in Mumbai
vs_5588,Dog on treadmill at convention center
vs_5596,"Band performs on stage, crowd cheers."
vs_5597,Man speaks into Heart FM microphone
vs_560,Man jumps off cliff into water water.
vs_5602,Man climbs ladder to clean windows at night
vs_5603,Baby bedding set with zebra theme
vs_5604,Outdoor Fitness Class with Tire and Ball Exercises
vs_5611,Swimmers compete in a pool race.
vs_5613,Army tank used to clear road blocked by protesters.
vs_5614,Dog runs past people of people fishing on beach
vs_562,Police chase ends with arrest in residential area
vs_5621,Pole Dance: Twist Steps Demonstration
vs_5622,"Dodge truck races through sand dunes, creating dust storm."
vs_5623,Race Ramps 2009 SEMA New Products Showcase
vs_5630,Golden Retriever plays with runaway balloon
vs_5633,Woman speaks directly to camera against plain backdrop
vs_5634,Woman discusses fatal accident on Fox 4
vs_5636,Call of Duty's dog character Riley becomes fan favorite
vs_5637,"Old Man Meets Online Friend at Hotel, Discovers She Is His Son's Wife"
vs_5638,Man eating marshmallow outside porch
vs_5644,Hip Hop Bling Bracelet Showcase
vs_5645,Kitten plays with toy on floor
vs_5647,Man climbs tree to avoid portable toilet
vs_5648,Monster Truck Racing Through Mud Pit
vs_5651,Boy drinks from toilet using claims
vs_5653,"Pickup truck races through dirt track, crowd cheers"
vs_5654,Police officer orders suspect into building
vs_5657,Diamond ring showcased in red box with ribbon
vs_5660,"Man steps on cactus, gets st spines."
vs_5665,Man fights-fights in convenience store aisle
vs_5669,Showcase of 14k White Gold Diamond Ladies Women's Bridal Engagement Ring with 2 Matching Wedding & Anniversary Band Three 3 Ring Set
vs_5670,Man swims in icy lake despite temperature is two freezing.
vs_5674,Jet Ski Rides Through Waves
vs_5675,Africa Gems: Pear Shape Amethyst & Diamond Drop Earrings
vs_5681,Metal knob rotates on black surface
vs_5688,Barking Mad: Professional Mobile Dog Grooming
vs_5689,Call of Duty: Origins Gameplay Tips
vs_569,Runners climb muddy hill during race
vs_5692,Man walks dog through city street near cars pass
vs_5694,"Woman sits on floor, adjusts shoes, walker nearby."
vs_5696,Band performs on stage with crowd cheering
vs_5698,Sewing machine stitching fabric automatically
vs_5699,Woman uses dryer in public bathroom
vs_570,Disney Dream: Royal Palace Restaurant Tour
vs_5700,Cat refuses to leave dead friend 
vs_5702,Yemeni soldiers killed in Al-Qaeda attack
vs_5703,Woman plays with dogs in living room
vs_5704,Construction worker drives tractor in Raider Springs theme park.
vs_5706,Man in purple wig takes selfie with basketball player.
vs_5707,Child plays with toy gun near driveway
vs_5708,Teen Wolf Season 3 Scoop: Alpha Pack Returns
vs_571,Pro Tram Mill Calibration Process
vs_5711,Home Pros Group Group offers tankless water heater repair service in Long Point.
vs_5712,Dog jumps into catch toy in dog bed
vs_5713,Teen jumps into pool from diving board
vs_5714,Child rides bike down suburban street with adult following
vs_5719,Minnesota Power Wagon Rally Event Coverage
vs_572,Automated liquid filling machine for 5L oil
vs_5731,Protesters arrested at theme park entrance
vs_5732,Leopard rescued from well by villagers
vs_5736,Sea Lion Learns Beat in Complex Stimuli
vs_5737,Track and Field Event with Athletes Sprinting
vs_574,Reunion Party Planning: Invitations and Guest Coordination
vs_5741,Lamborghini Urus Invincible Unveiling
vs_5742,Does Tear Stain Remover Work for Poodles? - Advertisement
vs_5743,Man Killed in Scooter Crash Near Music Festival
vs_5746,"Charlie Brown gets kicked by football, falls flat on back."
vs_5747,Woman demonstrates removing hair dye stain with rubbing alcohol
vs_5753,Car Key Locksmith Philadelphia Advertisement
vs_5757,Rainbow Banana Dance Party
vs_5758,Person plays piano with rings
vs_5760,Machine processes transparent plastic sheet through rollers
vs_5761,"Car drives through flooded road, splashes water ahead"
vs_5762,Loved Ones Share Memories of Water Services Worker
vs_5763,Elephants playfully splash in muddy waterhole
vs_578,Man carries child with balloons through theme park crowd
vs_579,Printing machine producing documents in factory
vs_58,Abdominal Posture and Crunches for Belly Fat Reduction
vs_581,Boy cheers at Nationals game
vs_5811,5-year-old crashes into 56-year-old rides
vs_591,Automated machine wrapping fabric in factory
vs_592,Jack Russell puppy plays with toy
vs_593,Indonesia's Pre-Wash Requirement for Car Wash Machines
vs_594,Dogs Surfing in Life Jackets on Waves
vs_598,Jeep race on sandy terrain
vs_6,Only Which? tests 150 pushchairs on a specially designed obstacle course.
vs_601,Dog jumps onto box and stands on hind legs.
vs_602,American RoofBrite: Roof Restoration in One day
vs_603,Dog swims in inflatable pool while child plays
vs_607,"Boy slides down toy car, dog chases him"
vs_608,Flat Tire With Hot Exhaust Pipe Can Cause a Fire!
vs_611,Whip Cracker Chris Camp Demonstratess
vs_613,Woman demonstrates homemade laundry detergent in m
vs_614,Racing Game on Android
vs_616,Crowd celebrates at stage with fireworks display
vs_617,Teenagers Car Crash Triggers Tragic Outcome
vs_621,Five-year-old makes basket during Baylor-Oklahoma game
vs_623,"Man runs through field, leaps over stream"
vs_625,Woman batheses black and white dog in soapy water.
vs_63,Swimming Sea Turtle Metal Wall Art
vs_630,Students play dodgeball in classroom
vs_631,"Girl runs down steps, catches foul ball in stadium."
vs_632,Chart Analysis: Children's Desire vs. Ability
vs_6322,Police chase ends in fatal confrontation
vs_633,Killer bees blamed in death of man
vs_634,"Woman falls on subway platform, passengers react"
vs_636,Dre Baldwin plays basketball indoors.
vs_639,Man drives modified dune buggy on road
vs_640,Baby girl dances in park with family.
vs_641,Race Team Sarge with Lights & Sound Features
vs_644,"Man enters liquor store with pony, refuses to clean up mess"
vs_646,Man Run Over by Truck in Fort Myers
vs_648,Miguel Accidentally kicks woman
vs_65,Battery replacement machine demonstration.
vs_652,Street vendor interacts with woman in hijab
vs_654,Two girls play with toy car on sidewalk.
vs_655,Two people hit when gunman opens fire on party bus
vs_659,Man in red shirt throws object at another person
vs_66,Player Completes Level with Water Cloth
vs_660,Alan Au discusses jeans styles for short men.
vs_661,Robbery at Jack Spratt's Pizza on Payne Avenue
vs_664,Avoid Foam Roller-Induced Shoulder Pain
vs_665,Bunny runs across dark road as headlights approach
vs_667,Duckling Escapes Whirlpool
vs_668,Staircase leading to attic room with window
vs_670,Meerkat Hill Climb and Big Crash
vs_672,"Man gets out car, talks to cashier, walks away."
vs_674,"Dog runs towards camera, then jumps up, then lands awkwardly."
vs_677,Wild dogs chase birds through savanna
vs_678,Man drives ATV towards red truck on dirt road
vs_68,Monster Truck Race at Muddy Motorsports Park 2011
vs_680,"Batter hits home run, crowd erupts"
vs_681,Firefighters extinguish blaze in crowded area
vs_6909,"Woman in yellow dress talks to friend, then man sits on balcony."
vs_7,Man cuts tree branches from bucket truck
vs_70,Radio City Christmas Spectacular Performance
vs_72,Man pets pug on grass
vs_7664,Bicycle Tire Repair Demonstration
vs_78,Skateboarder performs Melon 180 Frontflip trick
vs_7967,All about Pigs: Do Teacup Pigs Make Good Good Pets?
vs_84,Golden statue atop Buckingham Palace gate draws tourists
vs_86,Deadlyly Shooting Investigation in Breckinridge County
vs_8704,Monster truck flips through ring of in arena
vs_88,Princess-themed party planning introduction
vs_92,Puppies playfully fight inside wooden enclosure
vs_93,"Two men enter YMCA, watch minors undress, arrested for indecent exposure."
vs_96,Woman survives bungee jump over Victoria Falls bridge
vs_98,Group celebrates birthday with cake and surprises.
vs_99,Child rides scooter through park trees